plate,status,title,pageid,source_page,download_url,original_url,original_sha1,download_sha256,normalized_sha256,license,license_url,artist,credit,source_local,width,height
1,downloaded public-domain source; crop unreviewed,File:1 Wild Turkey.jpg,8710187,https://commons.wikimedia.org/wiki/File:1_Wild_Turkey.jpg,https://thumb.wikimedia.org/wikipedia/commons/thumb/6/69/1_Wild_Turkey.jpg/1920px-1_Wild_Turkey.jpg?utm_source=commons.wikimedia.org&utm_campaign=imageinfo&utm_content=thumbnail,https://upload.wikimedia.org/wikipedia/commons/6/69/1_Wild_Turkey.jpg?utm_source=commons.wikimedia.org&utm_campaign=imageinfo&utm_content=original,5bff38df7e32fa3cf4790497662c4e4a1afabf88,27ab09ab7dbb4935284cebe09ccc5cecfaab76de1dc18b1361d2032dcad1d0e2,7542379711ec862cfb8585225ffb7beca5809ca7fe3c37e0159a727c830da9ee,Public domain,,John James Audubon,University of Pittsburgh,sources/001.png,1208,1800
3,downloaded public-domain source; crop unreviewed,File:3 Prothonotary Warbler.jpg,8716354,https://commons.wikimedia.org/wiki/File:3_Prothonotary_Warbler.jpg,https://thumb.wikimedia.org/wikipedia/commons/thumb/6/65/3_Prothonotary_Warbler.jpg/1920px-3_Prothonotary_Warbler.jpg?utm_source=commons.wikimedia.org&utm_campaign=imageinfo&utm_content=thumbnail,https://upload.wikimedia.org/wikipedia/commons/6/65/3_Prothonotary_Warbler.jpg?utm_source=commons.wikimedia.org&utm_campaign=imageinfo&utm_content=original,d9caaa63d17e5dfef16732fcabb320a18923ad13,6c5d7211d6ae18d8f8ab9af67a266ba74fedc30b16e4ad860554cca24249f189,813db2abfef7598508f40095d6d4af3d710036b63d1aa08f8b56a576b93a4afc,Public domain,,John James Audubon,University of Pittsburgh,sources/003.png,1243,1800
4,downloaded public-domain source; crop unreviewed,File:4 Purple Finch.jpg,8710923,https://commons.wikimedia.org/wiki/File:4_Purple_Finch.jpg,https://thumb.wikimedia.org/wikipedia/commons/thumb/e/ed/4_Purple_Finch.jpg/1920px-4_Purple_Finch.jpg?utm_source=commons.wikimedia.org&utm_campaign=imageinfo&utm_content=thumbnail,https://upload.wikimedia.org/wikipedia/commons/e/ed/4_Purple_Finch.jpg?utm_source=commons.wikimedia.org&utm_campaign=imageinfo&utm_content=original,32381c5c9703879f9b40ade764b2c2859484c5a1,4dc4fb4b192e273a970992c8fcbc4098584286787dab20e6a672b7ca47edd204,4d71944e8b6c4f6619b454853ed017bda4f99e95d35b61140ae36d43f934888c,Public domain,,John James Audubon,University of Pittsburgh,sources/004.png,1242,1800
7,downloaded public-domain source; crop unreviewed,File:7 Purple Grakle or Common Crow Blackbird.jpg,8713583,https://commons.wikimedia.org/wiki/File:7_Purple_Grakle_or_Common_Crow_Blackbird.jpg,https://thumb.wikimedia.org/wikipedia/commons/thumb/7/70/7_Purple_Grakle_or_Common_Crow_Blackbird.jpg/1920px-7_Purple_Grakle_or_Common_Crow_Blackbird.jpg?utm_source=commons.wikimedia.org&utm_campaign=imageinfo&utm_content=thumbnail,https://upload.wikimedia.org/wikipedia/commons/7/70/7_Purple_Grakle_or_Common_Crow_Blackbird.jpg?utm_source=commons.wikimedia.org&utm_campaign=imageinfo&utm_content=original,480435939f673ddad38f10eb11c62cf47cbd2fbc,55fe5ebe973cac0b129f38d528bc1cdcd99de6a5a606d40df03586ab8425d83f,6c3408af33564b87c61d2b841fbc01982fb6f47fc4c4823b2c3fb58d10b7697d,Public domain,,John James Audubon,University of Pittsburgh,sources/007.png,1242,1800
8,downloaded public-domain source; crop unreviewed,File:8 White throated Sparrow.jpg,8716451,https://commons.wikimedia.org/wiki/File:8_White_throated_Sparrow.jpg,https://thumb.wikimedia.org/wikipedia/commons/thumb/d/d6/8_White_throated_Sparrow.jpg/1920px-8_White_throated_Sparrow.jpg?utm_source=commons.wikimedia.org&utm_campaign=imageinfo&utm_content=thumbnail,https://upload.wikimedia.org/wikipedia/commons/d/d6/8_White_throated_Sparrow.jpg?utm_source=commons.wikimedia.org&utm_campaign=imageinfo&utm_content=original,b7a3eaf0052ca2e77c1c125ea9caa75c4e41fa8d,bd14e7c8a8f7742cf91cfa69a321630bd3b7213c184e7fa34dc1b387999b4761,7f4854676c7d720e5badbe5cc10badfb655c9a38c0ea1b3cb81ebfa2d55623a7,Public domain,,John James Audubon,University of Pittsburgh,sources/008.png,1245,1800
12,downloaded public-domain source; crop unreviewed,File:12 Baltimore Oriole.jpg,8715089,https://commons.wikimedia.org/wiki/File:12_Baltimore_Oriole.jpg,https://thumb.wikimedia.org/wikipedia/commons/thumb/f/fc/12_Baltimore_Oriole.jpg/1920px-12_Baltimore_Oriole.jpg?utm_source=commons.wikimedia.org&utm_campaign=imageinfo&utm_content=thumbnail,https://upload.wikimedia.org/wikipedia/commons/f/fc/12_Baltimore_Oriole.jpg?utm_source=commons.wikimedia.org&utm_campaign=imageinfo&utm_content=original,f137a1d61d1e09490c673f3f01895729ec099eb2,dd81021346bbc359b27024d883a8f6d20b58e57fd7f0360fd35a882cdff70e92,67420388579316250a7eac33d654282cf313b8378aae14d78a0155e1ec4a5b96,Public domain,,John James Audubon,University of Pittsburgh,sources/012.png,1245,1800
14,downloaded public-domain source; crop unreviewed,File:14 Prairie Warbler.jpg,8715144,https://commons.wikimedia.org/wiki/File:14_Prairie_Warbler.jpg,https://thumb.wikimedia.org/wikipedia/commons/thumb/c/c3/14_Prairie_Warbler.jpg/1920px-14_Prairie_Warbler.jpg?utm_source=commons.wikimedia.org&utm_campaign=imageinfo&utm_content=thumbnail,https://upload.wikimedia.org/wikipedia/commons/c/c3/14_Prairie_Warbler.jpg?utm_source=commons.wikimedia.org&utm_campaign=imageinfo&utm_content=original,05d4b4a45dc4deaad47e81bf99f74540a73155a8,cf21b356d352a743eb8a65dd0b49ac0f54b3062802349109dc60f21ca5bc7fef,2f123d384b01a957ef183817a8e2194693ecb41cf6e078bc9c2ff1beee210df2,Public domain,,John James Audubon,University of Pittsburgh,sources/014.png,1251,1800
15,downloaded public-domain source; crop unreviewed,File:15 Blue Yellow-backed Warbler.jpg,8715175,https://commons.wikimedia.org/wiki/File:15_Blue_Yellow-backed_Warbler.jpg,https://thumb.wikimedia.org/wikipedia/commons/thumb/4/4e/15_Blue_Yellow-backed_Warbler.jpg/1920px-15_Blue_Yellow-backed_Warbler.jpg?utm_source=commons.wikimedia.org&utm_campaign=imageinfo&utm_content=thumbnail,https://upload.wikimedia.org/wikipedia/commons/4/4e/15_Blue_Yellow-backed_Warbler.jpg?utm_source=commons.wikimedia.org&utm_campaign=imageinfo&utm_content=original,3f4ce6be36981968cabb58b0a618e6b277a81096,2bec06a51e0aff4b234920d85805cb4f428f0e2fb85ebd03f6e382dc2226d1ee,76fd48e3d6c23d5277ba916aaa73a427c2123d0c10026c8adabe2d2bee04cfb5,Public domain,,John James Audubon,University of Pittsburgh,sources/015.png,1254,1800
17,downloaded public-domain source; crop unreviewed,File:17 Carolina Turtle Dove.jpg,8715236,https://commons.wikimedia.org/wiki/File:17_Carolina_Turtle_Dove.jpg,https://thumb.wikimedia.org/wikipedia/commons/thumb/3/37/17_Carolina_Turtle_Dove.jpg/1920px-17_Carolina_Turtle_Dove.jpg?utm_source=commons.wikimedia.org&utm_campaign=imageinfo&utm_content=thumbnail,https://upload.wikimedia.org/wikipedia/commons/3/37/17_Carolina_Turtle_Dove.jpg?utm_source=commons.wikimedia.org&utm_campaign=imageinfo&utm_content=original,09e1a5cc5e4c76b08b661ccfdfbe158f81031fb5,2b3549a60a350632381f9be188f0391c7e2b6d28a6d9f9f39aaed598d97134fe,569ebfc79f21658b953e32a5064b872b4ef803f2e6fc3562f0f8a4e65eef9249,Public domain,,John James Audubon,University of Pittsburgh,sources/017.png,1253,1800
18,downloaded public-domain source; crop unreviewed,File:18 Bewick's Wren.jpg,8715252,https://commons.wikimedia.org/wiki/File:18_Bewick%27s_Wren.jpg,https://thumb.wikimedia.org/wikipedia/commons/thumb/7/7c/18_Bewick%27s_Wren.jpg/1920px-18_Bewick%27s_Wren.jpg?utm_source=commons.wikimedia.org&utm_campaign=imageinfo&utm_content=thumbnail,https://upload.wikimedia.org/wikipedia/commons/7/7c/18_Bewick%27s_Wren.jpg?utm_source=commons.wikimedia.org&utm_campaign=imageinfo&utm_content=original,e59e61461d0afe266ee26000d947acbdccdd89b9,5dda36c5fa61e0baecee4b5c8f4f6d0ed4b538215341985af558605c66e5290e,853edd117c3499ea52724bcf46a54fd69f3c467a0997ba14c7d87530c0b029a9,Public domain,,John James Audubon,University of Pittsburgh,sources/018.png,1246,1800
19,downloaded public-domain source; crop unreviewed,File:19 Louisiana Water Thrush.jpg,8715271,https://commons.wikimedia.org/wiki/File:19_Louisiana_Water_Thrush.jpg,https://thumb.wikimedia.org/wikipedia/commons/thumb/6/67/19_Louisiana_Water_Thrush.jpg/1920px-19_Louisiana_Water_Thrush.jpg?utm_source=commons.wikimedia.org&utm_campaign=imageinfo&utm_content=thumbnail,https://upload.wikimedia.org/wikipedia/commons/6/67/19_Louisiana_Water_Thrush.jpg?utm_source=commons.wikimedia.org&utm_campaign=imageinfo&utm_content=original,b42e97f429392f15cafbfb00fbb930fe191cd554,399f867592fb762f5d5000f99394e48011e15cade9004322387a3f57d48fc546,d1b3c4309078fdf5b2cc50de08e5ec88d58bd2cc3e77420299c153acb07d68e2,Public domain,,John James Audubon,University of Pittsburgh,sources/019.png,1249,1800
20,downloaded public-domain source; crop unreviewed,File:20 Blue-winged Yellow Warbler.jpg,8715282,https://commons.wikimedia.org/wiki/File:20_Blue-winged_Yellow_Warbler.jpg,https://thumb.wikimedia.org/wikipedia/commons/thumb/8/85/20_Blue-winged_Yellow_Warbler.jpg/1920px-20_Blue-winged_Yellow_Warbler.jpg?utm_source=commons.wikimedia.org&utm_campaign=imageinfo&utm_content=thumbnail,https://upload.wikimedia.org/wikipedia/commons/8/85/20_Blue-winged_Yellow_Warbler.jpg?utm_source=commons.wikimedia.org&utm_campaign=imageinfo&utm_content=original,85aa221d5ad18fcc8193daeba2da01790331f396,a5bbaae184dd3310390c6e83be8313a871e2d3f84f4d5398ad2fbf96b7522bfe,1ad5ccb433dc6b7cd37080a43969b615e23e3be71bc222b6014aa8bd828fb3f7,Public domain,,John James Audubon,University of Pittsburgh,sources/020.png,1246,1800
21,downloaded public-domain source; crop unreviewed,File:21 Mocking Bird.jpg,8715348,https://commons.wikimedia.org/wiki/File:21_Mocking_Bird.jpg,https://thumb.wikimedia.org/wikipedia/commons/thumb/a/a1/21_Mocking_Bird.jpg/1920px-21_Mocking_Bird.jpg?utm_source=commons.wikimedia.org&utm_campaign=imageinfo&utm_content=thumbnail,https://upload.wikimedia.org/wikipedia/commons/a/a1/21_Mocking_Bird.jpg?utm_source=commons.wikimedia.org&utm_campaign=imageinfo&utm_content=original,32c8141b5e0eb9ced7068f1b0b8b4bb717b3feff,1d7af34567c1f78904924b7a73677d05e782f9318dee57e4cc12357d53ce90bb,fc5acf097a2817a0df8d291199975eeba71072cd7444f3147d8f0dcd64bbab3a,Public domain,,John James Audubon,University of Pittsburgh,sources/021.png,1253,1800
22,downloaded public-domain source; crop unreviewed,File:22 Purple Martin.jpg,8715374,https://commons.wikimedia.org/wiki/File:22_Purple_Martin.jpg,https://thumb.wikimedia.org/wikipedia/commons/thumb/f/f0/22_Purple_Martin.jpg/1920px-22_Purple_Martin.jpg?utm_source=commons.wikimedia.org&utm_campaign=imageinfo&utm_content=thumbnail,https://upload.wikimedia.org/wikipedia/commons/f/f0/22_Purple_Martin.jpg?utm_source=commons.wikimedia.org&utm_campaign=imageinfo&utm_content=original,05df107390bf5f616bf484b4a35e2fea35a04c81,f3f8e90ee24f5cf816ff0cff6532cc858455cc6cc1632797134d0e36db40b913,779fb2e1bdfaae59ee1345a2f632568e7f7e049d988ee895b117adecf77c8b59,Public domain,,John James Audubon,University of Pittsburgh,sources/022.png,1241,1800
25,downloaded public-domain source; crop unreviewed,File:25 Song Sparrow.jpg,8715479,https://commons.wikimedia.org/wiki/File:25_Song_Sparrow.jpg,https://thumb.wikimedia.org/wikipedia/commons/thumb/6/60/25_Song_Sparrow.jpg/1920px-25_Song_Sparrow.jpg?utm_source=commons.wikimedia.org&utm_campaign=imageinfo&utm_content=thumbnail,https://upload.wikimedia.org/wikipedia/commons/6/60/25_Song_Sparrow.jpg?utm_source=commons.wikimedia.org&utm_campaign=imageinfo&utm_content=original,27f9959a2f12e6224ecc3f13e7fe5292002dbac0,7b714c36a07beea463b988e6bacc2734c52863eb7eb0ec5435c62a1ffc6ea101,43a63d987d85c365ed7ef33d9ecb73debcaf81f416ba87d32a068db9f76b20c2,Public domain,,John James Audubon,University of Pittsburgh,sources/025.png,1249,1800
27,downloaded public-domain source; crop unreviewed,File:27 Red headed Woodpecker.jpg,8715905,https://commons.wikimedia.org/wiki/File:27_Red_headed_Woodpecker.jpg,https://thumb.wikimedia.org/wikipedia/commons/thumb/9/9b/27_Red_headed_Woodpecker.jpg/1920px-27_Red_headed_Woodpecker.jpg?utm_source=commons.wikimedia.org&utm_campaign=imageinfo&utm_content=thumbnail,https://upload.wikimedia.org/wikipedia/commons/9/9b/27_Red_headed_Woodpecker.jpg?utm_source=commons.wikimedia.org&utm_campaign=imageinfo&utm_content=original,b7681bd26702bc6d4b7bbde19a2708cbb5781af2,02f34567fb7473bf04e7fd218fb319912c0f176e7f2d91bc19c844f0156b15c7,8e2c18e856c7f2f46fc8902265256195d88c8a7c3fbae85f5034e5ee0945cba3,Public domain,,John James Audubon,University of Pittsburgh,sources/027.png,1244,1800
29,downloaded public-domain source; crop unreviewed,File:29 Towhe Bunting.jpg,8715996,https://commons.wikimedia.org/wiki/File:29_Towhe_Bunting.jpg,https://thumb.wikimedia.org/wikipedia/commons/thumb/a/ae/29_Towhe_Bunting.jpg/1920px-29_Towhe_Bunting.jpg?utm_source=commons.wikimedia.org&utm_campaign=imageinfo&utm_content=thumbnail,https://upload.wikimedia.org/wikipedia/commons/a/ae/29_Towhe_Bunting.jpg?utm_source=commons.wikimedia.org&utm_campaign=imageinfo&utm_content=original,e17661a147e8851c3b6258d453cc960393c7dbe8,32266825eabc238762e0674f4215891be79e26603a5ddf104f778c9ac008f94b,14781db77f58f272c3bb559ac62476104fa45ad405c52d5c1bb0ce3f8d4e8147,Public domain,,John James Audubon,University of Pittsburgh,sources/029.png,1245,1800
32,downloaded public-domain source; crop unreviewed,File:32 Black-billed Cuckoo.jpg,8716171,https://commons.wikimedia.org/wiki/File:32_Black-billed_Cuckoo.jpg,https://thumb.wikimedia.org/wikipedia/commons/thumb/3/3a/32_Black-billed_Cuckoo.jpg/1920px-32_Black-billed_Cuckoo.jpg?utm_source=commons.wikimedia.org&utm_campaign=imageinfo&utm_content=thumbnail,https://upload.wikimedia.org/wikipedia/commons/3/3a/32_Black-billed_Cuckoo.jpg?utm_source=commons.wikimedia.org&utm_campaign=imageinfo&utm_content=original,029af68ddecde20365a24fe28c52c08c0b2c4bf5,88414fae0a5070958ce35aaefd5a848ebe673cc8db815b4a8fe4c3df66013801,215b999c7f2c9b4c9689522a36e7723edd55d1a09b520a84262ea7df5412440c,Public domain,,John James Audubon,University of Pittsburgh,sources/032.png,1800,1247
33,downloaded public-domain source; crop unreviewed,File:33 American Goldfinch.jpg,8716191,https://commons.wikimedia.org/wiki/File:33_American_Goldfinch.jpg,https://thumb.wikimedia.org/wikipedia/commons/thumb/9/97/33_American_Goldfinch.jpg/1920px-33_American_Goldfinch.jpg?utm_source=commons.wikimedia.org&utm_campaign=imageinfo&utm_content=thumbnail,https://upload.wikimedia.org/wikipedia/commons/9/97/33_American_Goldfinch.jpg?utm_source=commons.wikimedia.org&utm_campaign=imageinfo&utm_content=original,432564ffca868e1e4889ed7345a5dd91de16fe03,422076f3fa6b9d49b44dd39e327f40ddb5e233c14204d6eeb9a7693c61cef9d5,6f18664bfa67afc936c5d034b08f69f13bc54e306f18de0df9fbc575c6ff1658,Public domain,,John James Audubon,University of Pittsburgh,sources/033.png,1251,1800
34,downloaded public-domain source; crop unreviewed,File:34 Worm eating Warbler.jpg,8716204,https://commons.wikimedia.org/wiki/File:34_Worm_eating_Warbler.jpg,https://thumb.wikimedia.org/wikipedia/commons/thumb/8/85/34_Worm_eating_Warbler.jpg/1920px-34_Worm_eating_Warbler.jpg?utm_source=commons.wikimedia.org&utm_campaign=imageinfo&utm_content=thumbnail,https://upload.wikimedia.org/wikipedia/commons/8/85/34_Worm_eating_Warbler.jpg?utm_source=commons.wikimedia.org&utm_campaign=imageinfo&utm_content=original,ae56e2e2eece5664c0c0a93f858b8a0587eba930,b816d4f9cb4c0141ec83efed8a83709edd3d83a94955976c1dd56d3d0585d80c,ab3e857a5aeec843faaa0a41f4ed8c99c16829e16605632d5232bbd4f842b077,Public domain,,John James Audubon,University of Pittsburgh,sources/034.png,1250,1800
37,downloaded public-domain source; crop unreviewed,File:37 Golden-winged Woodpecker.jpg,8716289,https://commons.wikimedia.org/wiki/File:37_Golden-winged_Woodpecker.jpg,https://thumb.wikimedia.org/wikipedia/commons/thumb/a/a2/37_Golden-winged_Woodpecker.jpg/1920px-37_Golden-winged_Woodpecker.jpg?utm_source=commons.wikimedia.org&utm_campaign=imageinfo&utm_content=thumbnail,https://upload.wikimedia.org/wikipedia/commons/a/a2/37_Golden-winged_Woodpecker.jpg?utm_source=commons.wikimedia.org&utm_campaign=imageinfo&utm_content=original,6311d4be1de571a0e4b282ea7281af5176726aee,8fc50a073599d67c3f584248f6314a5a2fa1197cc9f98c03d329c5ce1212c7d8,0e3e493dd45c884213c9005825e9c07b4b4e81a06f39ebc3799026ce8a70daa8,Public domain,,John James Audubon,University of Pittsburgh,sources/037.png,1244,1800
38,downloaded public-domain source; crop unreviewed,File:38 Kentucky Warbler.jpg,8716305,https://commons.wikimedia.org/wiki/File:38_Kentucky_Warbler.jpg,https://thumb.wikimedia.org/wikipedia/commons/thumb/3/38/38_Kentucky_Warbler.jpg/1920px-38_Kentucky_Warbler.jpg?utm_source=commons.wikimedia.org&utm_campaign=imageinfo&utm_content=thumbnail,https://upload.wikimedia.org/wikipedia/commons/3/38/38_Kentucky_Warbler.jpg?utm_source=commons.wikimedia.org&utm_campaign=imageinfo&utm_content=original,9255f0ae8edd7c3ec6517811db8bd3b31ce470cf,94c0ee0af0095737057c283462b40dab746be6053fe9bf266ff036aadd571f52,e5e7e5bdf601a25b47e40673a9c7dce7de944e129d91d5f96b3fca283bcdea64,Public domain,,John James Audubon,University of Pittsburgh,sources/038.png,1239,1800
39,downloaded public-domain source; crop unreviewed,File:39 Crested Titmouse.jpg,8716324,https://commons.wikimedia.org/wiki/File:39_Crested_Titmouse.jpg,https://thumb.wikimedia.org/wikipedia/commons/thumb/a/ab/39_Crested_Titmouse.jpg/1920px-39_Crested_Titmouse.jpg?utm_source=commons.wikimedia.org&utm_campaign=imageinfo&utm_content=thumbnail,https://upload.wikimedia.org/wikipedia/commons/a/ab/39_Crested_Titmouse.jpg?utm_source=commons.wikimedia.org&utm_campaign=imageinfo&utm_content=original,8e0af8adcbdbbe242595fe4386ea69b222632b98,2a7d6d563b03ccff1c7ebb3694860a1ff58ac08e5c54d48d35ae21ad0b472e8b,31f67fd7ab840c77a32c5bbc9a71631c9dc6d2367dd3234cef84349cdf3b5596,Public domain,,John James Audubon,University of Pittsburgh,sources/039.png,1249,1800
40,downloaded public-domain source; crop unreviewed,File:40 American Redstart.jpg,8716372,https://commons.wikimedia.org/wiki/File:40_American_Redstart.jpg,https://thumb.wikimedia.org/wikipedia/commons/thumb/0/03/40_American_Redstart.jpg/1920px-40_American_Redstart.jpg?utm_source=commons.wikimedia.org&utm_campaign=imageinfo&utm_content=thumbnail,https://upload.wikimedia.org/wikipedia/commons/0/03/40_American_Redstart.jpg?utm_source=commons.wikimedia.org&utm_campaign=imageinfo&utm_content=original,a1ef92f846a93c8eebe7a4f435576f15a668902c,4739e1fa385acfd78c24ebfda8120b1c7098a644f9037876d869d64f8e5f9586,3161085f61fad3916e6b8e8c18938cfe1b5d9486ef00f8478170e2bdecf9ab89,Public domain,,John James Audubon,University of Pittsburgh,sources/040.png,1237,1800
42,downloaded public-domain source; crop unreviewed,File:42 Orchard Oriole.jpg,8716411,https://commons.wikimedia.org/wiki/File:42_Orchard_Oriole.jpg,https://thumb.wikimedia.org/wikipedia/commons/thumb/c/cc/42_Orchard_Oriole.jpg/1920px-42_Orchard_Oriole.jpg?utm_source=commons.wikimedia.org&utm_campaign=imageinfo&utm_content=thumbnail,https://upload.wikimedia.org/wikipedia/commons/c/cc/42_Orchard_Oriole.jpg?utm_source=commons.wikimedia.org&utm_campaign=imageinfo&utm_content=original,734064ebe18889d84f33929a9f8166fc1daed7d9,05b3b6f075915855a800fa06b0fff26a27105fb4387d369bdb9676a5f8c8ffe3,f7036e99494a3c6e5c57d32a9eb9470fd99dfdb3d1c6330e49a8addafb6c0254,Public domain,,John James Audubon,University of Pittsburgh,sources/042.png,1249,1800
43,downloaded public-domain source; crop unreviewed,File:43 Cedar Bird.jpg,8716432,https://commons.wikimedia.org/wiki/File:43_Cedar_Bird.jpg,https://thumb.wikimedia.org/wikipedia/commons/thumb/7/7f/43_Cedar_Bird.jpg/1920px-43_Cedar_Bird.jpg?utm_source=commons.wikimedia.org&utm_campaign=imageinfo&utm_content=thumbnail,https://upload.wikimedia.org/wikipedia/commons/7/7f/43_Cedar_Bird.jpg?utm_source=commons.wikimedia.org&utm_campaign=imageinfo&utm_content=original,d3466e97518503b1d1804b346a74748cf26d3482,0721d9347fd84393be3c80ea1878bde4675961e239be546cac7bac443c1d90bb,cf4604525af30346789a08704aca9b77d056d40165a430ef41f88d2b99e954f8,Public domain,,John James Audubon,University of Pittsburgh,sources/043.png,1249,1800
44,downloaded public-domain source; crop unreviewed,File:44 Summer Red Bird.jpg,8717762,https://commons.wikimedia.org/wiki/File:44_Summer_Red_Bird.jpg,https://thumb.wikimedia.org/wikipedia/commons/thumb/a/a3/44_Summer_Red_Bird.jpg/1920px-44_Summer_Red_Bird.jpg?utm_source=commons.wikimedia.org&utm_campaign=imageinfo&utm_content=thumbnail,https://upload.wikimedia.org/wikipedia/commons/a/a3/44_Summer_Red_Bird.jpg?utm_source=commons.wikimedia.org&utm_campaign=imageinfo&utm_content=original,dadd4b67b71c27471a8464df8c9126863df18673,88ffb2aded726bac89143c39a89ed4346c33d3c88d1a9bc93545bd0cbee71144,802968f88d313cf54bd3d9201dbfc166f103b351ca87377925abf66fa6ba2e93,Public domain,,John James Audubon,University of Pittsburgh,sources/044.png,1245,1800
47,downloaded public-domain source; crop unreviewed,File:47 Ruby-throated Humming Bird.jpg,8717785,https://commons.wikimedia.org/wiki/File:47_Ruby-throated_Humming_Bird.jpg,https://thumb.wikimedia.org/wikipedia/commons/thumb/d/d2/47_Ruby-throated_Humming_Bird.jpg/1920px-47_Ruby-throated_Humming_Bird.jpg?utm_source=commons.wikimedia.org&utm_campaign=imageinfo&utm_content=thumbnail,https://upload.wikimedia.org/wikipedia/commons/d/d2/47_Ruby-throated_Humming_Bird.jpg?utm_source=commons.wikimedia.org&utm_campaign=imageinfo&utm_content=original,a3b4296d7d3a9cee4cd36d04f870a691ba93bd66,42f8af4a56e71045fb10d5a66302d61af209539184926b7044d66fdc4bc8077a,3f053724fc050a90b3ddb8fd8e5250b5e4af21f21229f76136689206c0576fe9,Public domain,,John James Audubon,University of Pittsburgh,sources/047.png,1245,1800
51,downloaded public-domain source; crop unreviewed,File:51 Red-tailed Hawk.jpg,8732691,https://commons.wikimedia.org/wiki/File:51_Red-tailed_Hawk.jpg,https://thumb.wikimedia.org/wikipedia/commons/thumb/a/a8/51_Red-tailed_Hawk.jpg/1920px-51_Red-tailed_Hawk.jpg?utm_source=commons.wikimedia.org&utm_campaign=imageinfo&utm_content=thumbnail,https://upload.wikimedia.org/wikipedia/commons/a/a8/51_Red-tailed_Hawk.jpg?utm_source=commons.wikimedia.org&utm_campaign=imageinfo&utm_content=original,eae478eba0b692c9b2d8cb42d0a0092fbf7eabb2,1ebbeb389bfb422858be1001b02e3a22e8b02478eb3517d68fbd162fd3762619,807a001c5cd8bc1ec76ecfd66c3877775a2e0e900722e165cce09810dc964119,Public domain,,John James Audubon,University of Pittsburgh,sources/051.png,1248,1800
52,downloaded public-domain source; crop unreviewed,File:52 Chuck-will's Widow.jpg,8717829,https://commons.wikimedia.org/wiki/File:52_Chuck-will%27s_Widow.jpg,https://thumb.wikimedia.org/wikipedia/commons/thumb/0/03/52_Chuck-will%27s_Widow.jpg/1920px-52_Chuck-will%27s_Widow.jpg?utm_source=commons.wikimedia.org&utm_campaign=imageinfo&utm_content=thumbnail,https://upload.wikimedia.org/wikipedia/commons/0/03/52_Chuck-will%27s_Widow.jpg?utm_source=commons.wikimedia.org&utm_campaign=imageinfo&utm_content=original,b9ea7ea873200c1593114b1db04b916c8890460b,38c0618b534ed6df034e3254332beb63ca23072a5872933a751afd8c928baa4b,db5f49fc4b7f4b54153597f5ed197eee7bb74be899c64225f9cf1751edb0e07f,Public domain,,John James Audubon,University of Pittsburgh,sources/052.png,1249,1800
53,downloaded public-domain source; crop unreviewed,File:53 Painted Finch.jpg,8720821,https://commons.wikimedia.org/wiki/File:53_Painted_Finch.jpg,https://thumb.wikimedia.org/wikipedia/commons/thumb/9/9c/53_Painted_Finch.jpg/1920px-53_Painted_Finch.jpg?utm_source=commons.wikimedia.org&utm_campaign=imageinfo&utm_content=thumbnail,https://upload.wikimedia.org/wikipedia/commons/9/9c/53_Painted_Finch.jpg?utm_source=commons.wikimedia.org&utm_campaign=imageinfo&utm_content=original,d3e65c23f075ce036df82b8185261384be410e0b,2935e6e13203f52d25d40d923ce0cc420504c318a1f2ecc2d73cfe56d7c21fc4,1417d47dda732aa1909d62a04663fb7f60ddb5722b2515ada86530b98bed79a4,Public domain,,John James Audubon,University of Pittsburgh,sources/053.png,1245,1800
56,downloaded public-domain source; crop unreviewed,File:56 Red-shouldered Hawk.jpg,8720935,https://commons.wikimedia.org/wiki/File:56_Red-shouldered_Hawk.jpg,https://thumb.wikimedia.org/wikipedia/commons/thumb/4/4b/56_Red-shouldered_Hawk.jpg/1920px-56_Red-shouldered_Hawk.jpg?utm_source=commons.wikimedia.org&utm_campaign=imageinfo&utm_content=thumbnail,https://upload.wikimedia.org/wikipedia/commons/4/4b/56_Red-shouldered_Hawk.jpg?utm_source=commons.wikimedia.org&utm_campaign=imageinfo&utm_content=original,9a305807083252e1f9069e32d60f1bbc8194b10b,5bb178903aa9e7f0d7888911069b50e2426c65bd4d900c34538eb183b5c30067,e6f0c21c50454f9d3b03c877ffe643418c7645a6d690fc2cf7f23309ab5f118b,Public domain,,John James Audubon,University of Pittsburgh,sources/056.png,1248,1800
57,downloaded public-domain source; crop unreviewed,File:57 Loggerhead Shrike.jpg,8720972,https://commons.wikimedia.org/wiki/File:57_Loggerhead_Shrike.jpg,https://thumb.wikimedia.org/wikipedia/commons/thumb/a/a8/57_Loggerhead_Shrike.jpg/1920px-57_Loggerhead_Shrike.jpg?utm_source=commons.wikimedia.org&utm_campaign=imageinfo&utm_content=thumbnail,https://upload.wikimedia.org/wikipedia/commons/a/a8/57_Loggerhead_Shrike.jpg?utm_source=commons.wikimedia.org&utm_campaign=imageinfo&utm_content=original,f1cc9fc7b5b2dd7c5cd16f00cd0e3f9711ae5486,8e77e8923103db5b44444053c83ecd88b8647ef0dcfb7b3319e551e1a7f72880,564962f2ee4452f08f897847fa98bc8a302d6a68d8242eb195c7cdb01f65bb21,Public domain,,John James Audubon,University of Pittsburgh,sources/057.png,1247,1800
58,downloaded public-domain source; crop unreviewed,File:58 Hermit Thrush.jpg,8721002,https://commons.wikimedia.org/wiki/File:58_Hermit_Thrush.jpg,https://thumb.wikimedia.org/wikipedia/commons/thumb/b/b9/58_Hermit_Thrush.jpg/1920px-58_Hermit_Thrush.jpg?utm_source=commons.wikimedia.org&utm_campaign=imageinfo&utm_content=thumbnail,https://upload.wikimedia.org/wikipedia/commons/b/b9/58_Hermit_Thrush.jpg?utm_source=commons.wikimedia.org&utm_campaign=imageinfo&utm_content=original,04057c08f9b1fa58f02315f8cd277c4f0a63ec98,588cda06764d5977650be0f533b6f18e4fed435b5b80d36726dd26ec7de99bc3,0a05bc7bab1b0eef588ef58e3af7978df01ba35ecb5cb19de5b92669868b5ed1,Public domain,,John James Audubon,University of Pittsburgh,sources/058.png,1249,1800
59,downloaded public-domain source; crop unreviewed,File:59 Chestnut-sided Warbler.jpg,8721026,https://commons.wikimedia.org/wiki/File:59_Chestnut-sided_Warbler.jpg,https://thumb.wikimedia.org/wikipedia/commons/thumb/e/e0/59_Chestnut-sided_Warbler.jpg/1920px-59_Chestnut-sided_Warbler.jpg?utm_source=commons.wikimedia.org&utm_campaign=imageinfo&utm_content=thumbnail,https://upload.wikimedia.org/wikipedia/commons/e/e0/59_Chestnut-sided_Warbler.jpg?utm_source=commons.wikimedia.org&utm_campaign=imageinfo&utm_content=original,a6c438a062d8be68cf54db6dd89d14786ed57c96,e2b8a95860403380344269fa844dcb893205a8193e7db4961cd9a463e5dc7a7e,a2bc387d7f86c8f71630ce2740d604f15ed7d9137f8a7243610f9097547ff467,Public domain,,John James Audubon,University of Pittsburgh,sources/059.png,1244,1800
61,downloaded public-domain source; crop unreviewed,File:61 Great Horned Owl.jpg,8721126,https://commons.wikimedia.org/wiki/File:61_Great_Horned_Owl.jpg,https://thumb.wikimedia.org/wikipedia/commons/thumb/8/80/61_Great_Horned_Owl.jpg/1920px-61_Great_Horned_Owl.jpg?utm_source=commons.wikimedia.org&utm_campaign=imageinfo&utm_content=thumbnail,https://upload.wikimedia.org/wikipedia/commons/8/80/61_Great_Horned_Owl.jpg?utm_source=commons.wikimedia.org&utm_campaign=imageinfo&utm_content=original,2216a8cbdf10b6faa063f0d09f2e386feee624ef,ddb49965a8517f22ec1725ba5c70dccfa9e7f5288ee11ac1b7e95185b5f20999,4e551744c2c9fcf0c083f32abb5247a537abbc3f3b6c8649c54284e2855ab120,Public domain,,John James Audubon,University of Pittsburgh,sources/061.png,1248,1800
64,downloaded public-domain source; crop unreviewed,File:64 Swamp Sparrow.jpg,8732740,https://commons.wikimedia.org/wiki/File:64_Swamp_Sparrow.jpg,https://thumb.wikimedia.org/wikipedia/commons/thumb/3/32/64_Swamp_Sparrow.jpg/1920px-64_Swamp_Sparrow.jpg?utm_source=commons.wikimedia.org&utm_campaign=imageinfo&utm_content=thumbnail,https://upload.wikimedia.org/wikipedia/commons/3/32/64_Swamp_Sparrow.jpg?utm_source=commons.wikimedia.org&utm_campaign=imageinfo&utm_content=original,7aa6a0ade2dd53515d71ab9fdd314ec4070603c4,a927c863410fc8c4a2f82529728398b82db995f898b4c764f0fe107dd4db46df,bd3adedd18ba4c8b0789a3655baaf4cf596c39b5e47f4d8103eba7cd20cb734d,Public domain,,John James Audubon,University of Pittsburgh,sources/064.png,1253,1800
66,downloaded public-domain source; crop unreviewed,File:66 Ivory-billed Woodpecker.jpg,8732744,https://commons.wikimedia.org/wiki/File:66_Ivory-billed_Woodpecker.jpg,https://thumb.wikimedia.org/wikipedia/commons/thumb/d/d0/66_Ivory-billed_Woodpecker.jpg/1920px-66_Ivory-billed_Woodpecker.jpg?utm_source=commons.wikimedia.org&utm_campaign=imageinfo&utm_content=thumbnail,https://upload.wikimedia.org/wikipedia/commons/d/d0/66_Ivory-billed_Woodpecker.jpg?utm_source=commons.wikimedia.org&utm_campaign=imageinfo&utm_content=original,1bef83043c35a8e52415e95a0e07cd1670f21d4f,c0d7b3925302746a42bd9359ac3b93595bb8faf901b386c7f8cfac4b0002559f,cab0dff2bce092f977438436779b148f444342007f9204c16dc494f31dd98e9b,Public domain,,John James Audubon,"University of Pittsburgh, Audubon's Birds of America, Darlington Digital Library ,  Image",sources/066.png,1246,1800
67,downloaded public-domain source; crop unreviewed,File:67 Red-winged Starling or Marsh Blackbird.jpg,8721286,https://commons.wikimedia.org/wiki/File:67_Red-winged_Starling_or_Marsh_Blackbird.jpg,https://thumb.wikimedia.org/wikipedia/commons/thumb/0/0f/67_Red-winged_Starling_or_Marsh_Blackbird.jpg/1920px-67_Red-winged_Starling_or_Marsh_Blackbird.jpg?utm_source=commons.wikimedia.org&utm_campaign=imageinfo&utm_content=thumbnail,https://upload.wikimedia.org/wikipedia/commons/0/0f/67_Red-winged_Starling_or_Marsh_Blackbird.jpg?utm_source=commons.wikimedia.org&utm_campaign=imageinfo&utm_content=original,9c0bda522555892cf27966b69649f6e7dd0da90c,aeff65b003dcf0e109eaac0f1f132804111c0cc869825f1aebf9f0d881edeb4a,987a9bf49c3f1f8e173aaee15e0e216a043fa4fec2d7003792947aa44ff11b12,Public domain,,John James Audubon,University of Pittsburgh,sources/067.png,1246,1800
69,downloaded public-domain source; crop unreviewed,File:69 Bay-breasted Warbler.jpg,8721357,https://commons.wikimedia.org/wiki/File:69_Bay-breasted_Warbler.jpg,https://thumb.wikimedia.org/wikipedia/commons/thumb/8/8c/69_Bay-breasted_Warbler.jpg/1920px-69_Bay-breasted_Warbler.jpg?utm_source=commons.wikimedia.org&utm_campaign=imageinfo&utm_content=thumbnail,https://upload.wikimedia.org/wikipedia/commons/8/8c/69_Bay-breasted_Warbler.jpg?utm_source=commons.wikimedia.org&utm_campaign=imageinfo&utm_content=original,ee79fc0780d2ae948312243f54b9e6970178e751,fd2e62162882e17779aa52740f844d8cd31298cdb49157f3d38b98517a802b49,a863c46eb56d2f7d06ef113060688dc3f809fe2579d8ea5553e325675dd11f31,Public domain,,John James Audubon,University of Pittsburgh,sources/069.png,1246,1800
73,downloaded public-domain source; crop unreviewed,File:73 Wood Thrush.jpg,8727037,https://commons.wikimedia.org/wiki/File:73_Wood_Thrush.jpg,https://thumb.wikimedia.org/wikipedia/commons/thumb/9/9a/73_Wood_Thrush.jpg/1920px-73_Wood_Thrush.jpg?utm_source=commons.wikimedia.org&utm_campaign=imageinfo&utm_content=thumbnail,https://upload.wikimedia.org/wikipedia/commons/9/9a/73_Wood_Thrush.jpg?utm_source=commons.wikimedia.org&utm_campaign=imageinfo&utm_content=original,4700cafde1b87f7e89b688439e935e8c4d9aad43,f156d08f8a1644d10dbd7ecb61850bb89379b24ee84536d915733dca27a410cb,c0ffa657ded6d7950fe163bfa937889009eb7cab8e3813417335cdde14b50cc6,Public domain,,John James Audubon,University of Pittsburgh,sources/073.png,1244,1800
74,downloaded public-domain source; crop unreviewed,File:74 Indigo Bird.jpg,8727063,https://commons.wikimedia.org/wiki/File:74_Indigo_Bird.jpg,https://thumb.wikimedia.org/wikipedia/commons/thumb/2/2a/74_Indigo_Bird.jpg/1920px-74_Indigo_Bird.jpg?utm_source=commons.wikimedia.org&utm_campaign=imageinfo&utm_content=thumbnail,https://upload.wikimedia.org/wikipedia/commons/2/2a/74_Indigo_Bird.jpg?utm_source=commons.wikimedia.org&utm_campaign=imageinfo&utm_content=original,b23b3c26a22d60c0ec84e21ffecd72ae38160e03,2979c1354f3b6ca729e7d5f0c0856be970ceab24cf229f743a6df1d290a01758,b48c5734d447a5bf5e9c1a870c3595da0960601e7392dc95371612eb5ea06dd8,Public domain,,John James Audubon,University of Pittsburgh,sources/074.png,1244,1800
76,downloaded public-domain source; crop unreviewed,File:76 Virginian Partridge.jpg,8733027,https://commons.wikimedia.org/wiki/File:76_Virginian_Partridge.jpg,https://thumb.wikimedia.org/wikipedia/commons/thumb/7/7c/76_Virginian_Partridge.jpg/1920px-76_Virginian_Partridge.jpg?utm_source=commons.wikimedia.org&utm_campaign=imageinfo&utm_content=thumbnail,https://upload.wikimedia.org/wikipedia/commons/7/7c/76_Virginian_Partridge.jpg?utm_source=commons.wikimedia.org&utm_campaign=imageinfo&utm_content=original,de7957ed254f5792aa890f66ac2b1de57591eb4b,2e2e928a48df9505d85c5482d2818c5490f8bed05207b13af3b72fe86945892e,4c2198a3d851b90b6fc695495ef59b4a269367c4e23835fc2b20d2067384d623,Public domain,,John James Audubon,University of Pittsburgh,sources/076.png,1800,1248
77,downloaded public-domain source; crop unreviewed,File:77 Belted Kingfisher.jpg,8733028,https://commons.wikimedia.org/wiki/File:77_Belted_Kingfisher.jpg,https://thumb.wikimedia.org/wikipedia/commons/thumb/5/57/77_Belted_Kingfisher.jpg/1920px-77_Belted_Kingfisher.jpg?utm_source=commons.wikimedia.org&utm_campaign=imageinfo&utm_content=thumbnail,https://upload.wikimedia.org/wikipedia/commons/5/57/77_Belted_Kingfisher.jpg?utm_source=commons.wikimedia.org&utm_campaign=imageinfo&utm_content=original,600c5df238ffbabb7c9ea8b06d2647549fecb52d,81938bdfbe4d3babd99010dcacef07144599254190b98dca27d07d82e7c007bb,b9382f5507920b23ba912f78c94cedaa786b3b4c3fb05c33715e02bbf8e35d6a,Public domain,,John James Audubon,University of Pittsburgh,sources/077.png,1244,1800
78,downloaded public-domain source; crop unreviewed,File:78 Great Carolina Wren.jpg,8733031,https://commons.wikimedia.org/wiki/File:78_Great_Carolina_Wren.jpg,https://thumb.wikimedia.org/wikipedia/commons/thumb/f/f9/78_Great_Carolina_Wren.jpg/1920px-78_Great_Carolina_Wren.jpg?utm_source=commons.wikimedia.org&utm_campaign=imageinfo&utm_content=thumbnail,https://upload.wikimedia.org/wikipedia/commons/f/f9/78_Great_Carolina_Wren.jpg?utm_source=commons.wikimedia.org&utm_campaign=imageinfo&utm_content=original,8145130da9d1ed864fe5e45a78db142e5e0b856d,de6ab0239fa51b4f3a188825235a7b403118f66c90a6be84ba65492f710ae166,497c988ddab2bd0f69c0f2c3c6dd87a6a4d070264af3a8cbbb3912715c552a98,Public domain,,John James Audubon,University of Pittsburgh,sources/078.png,1248,1800
79,downloaded public-domain source; crop unreviewed,File:79 Tyrant Fly-catcher.jpg,8727112,https://commons.wikimedia.org/wiki/File:79_Tyrant_Fly-catcher.jpg,https://thumb.wikimedia.org/wikipedia/commons/thumb/7/75/79_Tyrant_Fly-catcher.jpg/1920px-79_Tyrant_Fly-catcher.jpg?utm_source=commons.wikimedia.org&utm_campaign=imageinfo&utm_content=thumbnail,https://upload.wikimedia.org/wikipedia/commons/7/75/79_Tyrant_Fly-catcher.jpg?utm_source=commons.wikimedia.org&utm_campaign=imageinfo&utm_content=original,21a00197d97772adbe67392ac2414877f00d43b7,c94ed8320777596c912dae4e45bdd70e78f13f2659a16aa00e00a9b4b4ec119a,d038962b39d355b75f977f6df476bca5dd893e12ff0375afb549ef2fe4b20dab,Public domain,,John James Audubon,University of Pittsburgh,sources/079.png,1245,1800
83,downloaded public-domain source; crop unreviewed,File:83 House Wren.jpg,8727259,https://commons.wikimedia.org/wiki/File:83_House_Wren.jpg,https://thumb.wikimedia.org/wikipedia/commons/thumb/8/8a/83_House_Wren.jpg/1920px-83_House_Wren.jpg?utm_source=commons.wikimedia.org&utm_campaign=imageinfo&utm_content=thumbnail,https://upload.wikimedia.org/wikipedia/commons/8/8a/83_House_Wren.jpg?utm_source=commons.wikimedia.org&utm_campaign=imageinfo&utm_content=original,e68454434ac189061fa60b0b59d3a72d90fd667e,89c1adacf61d76c2ef008fe0b18b9dc8573816a6895a0c700c00b3a7f466fc02,8df93a79ba77895d3c11984da0356e69291e8775d64622598d9a0e55036b64b7,Public domain,,John James Audubon,University of Pittsburgh,sources/083.png,1244,1800
85,downloaded public-domain source; crop unreviewed,File:85 Yellow Throated Warbler.jpg,8733037,https://commons.wikimedia.org/wiki/File:85_Yellow_Throated_Warbler.jpg,https://thumb.wikimedia.org/wikipedia/commons/thumb/2/23/85_Yellow_Throated_Warbler.jpg/1920px-85_Yellow_Throated_Warbler.jpg?utm_source=commons.wikimedia.org&utm_campaign=imageinfo&utm_content=thumbnail,https://upload.wikimedia.org/wikipedia/commons/2/23/85_Yellow_Throated_Warbler.jpg?utm_source=commons.wikimedia.org&utm_campaign=imageinfo&utm_content=original,d2735fe10a738d54f682cb6c3b5163357c3d47c5,dbd6977185b3dd9d8a6cb5e745449ef61122def67353947e25bdad7b86a926cd,da5b34fdcf2c785e9ab207f32f9b5b0b40e9034b0982085773e672689bb4f60c,Public domain,,John James Audubon,University of Pittsburgh,sources/085.png,1249,1800
89,downloaded public-domain source; crop unreviewed,File:89 Nashville Warbler.jpg,8733041,https://commons.wikimedia.org/wiki/File:89_Nashville_Warbler.jpg,https://thumb.wikimedia.org/wikipedia/commons/thumb/e/e6/89_Nashville_Warbler.jpg/1920px-89_Nashville_Warbler.jpg?utm_source=commons.wikimedia.org&utm_campaign=imageinfo&utm_content=thumbnail,https://upload.wikimedia.org/wikipedia/commons/e/e6/89_Nashville_Warbler.jpg?utm_source=commons.wikimedia.org&utm_campaign=imageinfo&utm_content=original,9f9a9c2d77a056e8c25f3f1a20b7a936df6bb426,bc5090b9b50b3a35c424a33c191a02a8a67cac2c92d7d177cffb3aee6e6fc8d7,6f80d3fa4822475da0d1238a9e6c4610ae49695a1f1059f0eb41304aa4711698,Public domain,,John James Audubon,University of Pittsburgh,sources/089.png,1249,1800
90,downloaded public-domain source; crop unreviewed,File:90 Black & White Creeper.jpg,8733042,https://commons.wikimedia.org/wiki/File:90_Black_%26_White_Creeper.jpg,https://thumb.wikimedia.org/wikipedia/commons/thumb/b/b6/90_Black_%26_White_Creeper.jpg/1920px-90_Black_%26_White_Creeper.jpg?utm_source=commons.wikimedia.org&utm_campaign=imageinfo&utm_content=thumbnail,https://upload.wikimedia.org/wikipedia/commons/b/b6/90_Black_%26_White_Creeper.jpg?utm_source=commons.wikimedia.org&utm_campaign=imageinfo&utm_content=original,1fd9541498668ef0f3562b808c437dae7bc686eb,a9ca2e75ccfd8236675ba090dac1bd7c3e6168218d9421b538df4168b3f7c35f,f2b3f9e6c3276512d64d243b518dbe75879f7340fe914a9d1a57a3c4ebd30ed9,Public domain,,John James Audubon,University of Pittsburgh,sources/090.png,1248,1800
91,downloaded public-domain source; crop unreviewed,File:91 Broad-winged Hawk.jpg,8733043,https://commons.wikimedia.org/wiki/File:91_Broad-winged_Hawk.jpg,https://thumb.wikimedia.org/wikipedia/commons/thumb/7/71/91_Broad-winged_Hawk.jpg/1920px-91_Broad-winged_Hawk.jpg?utm_source=commons.wikimedia.org&utm_campaign=imageinfo&utm_content=thumbnail,https://upload.wikimedia.org/wikipedia/commons/7/71/91_Broad-winged_Hawk.jpg?utm_source=commons.wikimedia.org&utm_campaign=imageinfo&utm_content=original,b2dff9e9263a76a95239b40d2ef4bd0af5ddc9cc,953d5533c0ce728fc87372bf8e7eb86a0acc43fe4c191d462115f079cfe0182f,2c7317d3003a6c73bfbc90449ecaf875dd5f20b9cc33173efed1f7883ce2ecf8,Public domain,,John James Audubon,University of Pittsburgh,sources/091.png,1245,1800
97,downloaded public-domain source; crop unreviewed,File:97 Little Screech Owl.jpg,8733052,https://commons.wikimedia.org/wiki/File:97_Little_Screech_Owl.jpg,https://thumb.wikimedia.org/wikipedia/commons/thumb/d/d4/97_Little_Screech_Owl.jpg/1920px-97_Little_Screech_Owl.jpg?utm_source=commons.wikimedia.org&utm_campaign=imageinfo&utm_content=thumbnail,https://upload.wikimedia.org/wikipedia/commons/d/d4/97_Little_Screech_Owl.jpg?utm_source=commons.wikimedia.org&utm_campaign=imageinfo&utm_content=original,542f276dc27f0d9a8ca70cef6f5b1ba0bfd246ea,8adf8d6f1a99fc48ea2c0b9a3d0ae1a05e695e01a0ae85f73b2adbaf1dd1364d,ce0419f34185d6e063ac96fce3997272ec99b54b82e2304693393aa08d99d251,Public domain,,John James Audubon,University of Pittsburgh,sources/097.png,1246,1800
99,downloaded public-domain source; crop unreviewed,File:99 Cow-pen Bird.jpg,8733055,https://commons.wikimedia.org/wiki/File:99_Cow-pen_Bird.jpg,https://thumb.wikimedia.org/wikipedia/commons/thumb/d/d7/99_Cow-pen_Bird.jpg/1920px-99_Cow-pen_Bird.jpg?utm_source=commons.wikimedia.org&utm_campaign=imageinfo&utm_content=thumbnail,https://upload.wikimedia.org/wikipedia/commons/d/d7/99_Cow-pen_Bird.jpg?utm_source=commons.wikimedia.org&utm_campaign=imageinfo&utm_content=original,68abb18cf32f29cea1a3a1c3a305b467c8150983,868383f69fdb3bd073e1e5c8e7d843c759f9e94dea7f355c52d3ac36fca97943,9fb32271abe8ff93ad2ee332e882574b7fcde73f4d0be6e688fafa67495e967d,Public domain,,John James Audubon,University of Pittsburgh,sources/099.png,1800,1246
100,downloaded public-domain source; crop unreviewed,File:100 Marsh Wren.jpg,8733057,https://commons.wikimedia.org/wiki/File:100_Marsh_Wren.jpg,https://thumb.wikimedia.org/wikipedia/commons/thumb/d/df/100_Marsh_Wren.jpg/1920px-100_Marsh_Wren.jpg?utm_source=commons.wikimedia.org&utm_campaign=imageinfo&utm_content=thumbnail,https://upload.wikimedia.org/wikipedia/commons/d/df/100_Marsh_Wren.jpg?utm_source=commons.wikimedia.org&utm_campaign=imageinfo&utm_content=original,65acda46965aebff73bc0f5c9fc131c0a1bc4585,29c6e1319aa049ffddb6a2a44758465f0c08d295851791bdd8dc8c9c487b2590,5682fc96a0b46273be200ad62ddbc5ee6815bc363b63a66845cc6eeec0842615,Public domain,,John James Audubon,University of Pittsburgh,sources/100.png,1236,1800
103,downloaded public-domain source; crop unreviewed,File:103 Canada Warbler.jpg,8750885,https://commons.wikimedia.org/wiki/File:103_Canada_Warbler.jpg,https://thumb.wikimedia.org/wikipedia/commons/thumb/a/a5/103_Canada_Warbler.jpg/1920px-103_Canada_Warbler.jpg?utm_source=commons.wikimedia.org&utm_campaign=imageinfo&utm_content=thumbnail,https://upload.wikimedia.org/wikipedia/commons/a/a5/103_Canada_Warbler.jpg?utm_source=commons.wikimedia.org&utm_campaign=imageinfo&utm_content=original,3fa2deea842d9fd7a3aa4973a22e0e62774ca202,ba69b0b556a85bcb3422063660dae4eac3eb2bb5ff181d6fc3227e603aa4628a,b6dc77ce78d9ebfe5b2b9aaa511d80904d14f7b6d6a1571d0e78fcb7fb2bd038,Public domain,,John James Audubon,University of Pittsburgh,sources/103.png,1251,1800
104,downloaded public-domain source; crop unreviewed,File:104 Chipping Sparrow.jpg,8750900,https://commons.wikimedia.org/wiki/File:104_Chipping_Sparrow.jpg,https://thumb.wikimedia.org/wikipedia/commons/thumb/8/86/104_Chipping_Sparrow.jpg/1920px-104_Chipping_Sparrow.jpg?utm_source=commons.wikimedia.org&utm_campaign=imageinfo&utm_content=thumbnail,https://upload.wikimedia.org/wikipedia/commons/8/86/104_Chipping_Sparrow.jpg?utm_source=commons.wikimedia.org&utm_campaign=imageinfo&utm_content=original,49e0451383c5e83237b5f7a604cc63abc5d4835e,c5cdb6b1bbb627db9ae8db9392ea2ea5e3de6a61049739f31505e462d7542ff6,7269d4467ab2f324875746c2a036b42a7de5dd82e3d2c9e853fded952ec7c95c,Public domain,,John James Audubon,University of Pittsburgh,sources/104.png,1254,1800
105,downloaded public-domain source; crop unreviewed,File:105 Red-breasted Nuthatch.jpg,8750918,https://commons.wikimedia.org/wiki/File:105_Red-breasted_Nuthatch.jpg,https://thumb.wikimedia.org/wikipedia/commons/thumb/b/b3/105_Red-breasted_Nuthatch.jpg/1920px-105_Red-breasted_Nuthatch.jpg?utm_source=commons.wikimedia.org&utm_campaign=imageinfo&utm_content=thumbnail,https://upload.wikimedia.org/wikipedia/commons/b/b3/105_Red-breasted_Nuthatch.jpg?utm_source=commons.wikimedia.org&utm_campaign=imageinfo&utm_content=original,bf6be9a277c512f457e0d9adef3c205d59009b64,b9f407c211fc4915acfac244097cfe49762128241c916840e23738e34cd3afce,455cdf8eeefedadbea09c313e10827d5278fbd8367e7d00077aec653ca9eecb7,Public domain,,John James Audubon,University of Pittsburgh,sources/105.png,1251,1800
106,downloaded public-domain source; crop unreviewed,File:106 Black Vulture or Carrion Crow.jpg,8826929,https://commons.wikimedia.org/wiki/File:106_Black_Vulture_or_Carrion_Crow.jpg,https://thumb.wikimedia.org/wikipedia/commons/thumb/d/db/106_Black_Vulture_or_Carrion_Crow.jpg/1920px-106_Black_Vulture_or_Carrion_Crow.jpg?utm_source=commons.wikimedia.org&utm_campaign=imageinfo&utm_content=thumbnail,https://upload.wikimedia.org/wikipedia/commons/d/db/106_Black_Vulture_or_Carrion_Crow.jpg?utm_source=commons.wikimedia.org&utm_campaign=imageinfo&utm_content=original,3f4fb141f1e25be14a4e482cb636f50a4767fa69,9d70809a25bdddfb2f17d6b75f0d9e8dd19010c740967585425ea748ebddf4b2,9b1502cab213dfe257f79561750ff354d9b23cddf009fda2561ea6ceaaadfef6,Public domain,,John James Audubon,University of Pittsburgh,sources/106.png,1800,1252
110,downloaded public-domain source; crop unreviewed,File:110 Hooded Warbler.jpg,8750958,https://commons.wikimedia.org/wiki/File:110_Hooded_Warbler.jpg,https://thumb.wikimedia.org/wikipedia/commons/thumb/d/d4/110_Hooded_Warbler.jpg/1920px-110_Hooded_Warbler.jpg?utm_source=commons.wikimedia.org&utm_campaign=imageinfo&utm_content=thumbnail,https://upload.wikimedia.org/wikipedia/commons/d/d4/110_Hooded_Warbler.jpg?utm_source=commons.wikimedia.org&utm_campaign=imageinfo&utm_content=original,008fe8d3e107a625ca6a4e628d5a946430051fe9,80349e819ab182fb8aea7c0518f530c55cb5127efc9b821d5d38376f09b46191,cfed093dd44fda4de227e4e3cea580436090858b0834181044424cb815327329,Public domain,,John James Audubon,University of Pittsburgh,sources/110.png,1254,1800
111,downloaded public-domain source; crop unreviewed,File:111 Pileated Woodpecker.jpg,8753386,https://commons.wikimedia.org/wiki/File:111_Pileated_Woodpecker.jpg,https://thumb.wikimedia.org/wikipedia/commons/thumb/c/c7/111_Pileated_Woodpecker.jpg/1920px-111_Pileated_Woodpecker.jpg?utm_source=commons.wikimedia.org&utm_campaign=imageinfo&utm_content=thumbnail,https://upload.wikimedia.org/wikipedia/commons/c/c7/111_Pileated_Woodpecker.jpg?utm_source=commons.wikimedia.org&utm_campaign=imageinfo&utm_content=original,91f8d4d0ca26a26203c87bae2ccd4d5547801394,10632bbdb115b0309ed22aa426ece8d229f90efd53003fa4247f9b5741fded33,e87f573baac735f69746589cc95d3a00f230457910d17665f1f879d874dbab60,Public domain,,John James Audubon,University of Pittsburgh,sources/111.png,1254,1800
112,downloaded public-domain source; crop unreviewed,File:112 Downy Woodpecker.jpg,8750976,https://commons.wikimedia.org/wiki/File:112_Downy_Woodpecker.jpg,https://thumb.wikimedia.org/wikipedia/commons/thumb/a/ad/112_Downy_Woodpecker.jpg/1920px-112_Downy_Woodpecker.jpg?utm_source=commons.wikimedia.org&utm_campaign=imageinfo&utm_content=thumbnail,https://upload.wikimedia.org/wikipedia/commons/a/ad/112_Downy_Woodpecker.jpg?utm_source=commons.wikimedia.org&utm_campaign=imageinfo&utm_content=original,ff1c80507c57c7dd0dec9f5e8b6ceb2c6d1a88e0,bfcad0f4f00c6b550c42f9f62ab2353fb955c2e64b42d583951db29c6ed11003,4710b997b604e0dfeaf09e2ca520b1d34f3f1e077370e4233785e5402d80434e,Public domain,,John James Audubon,University of Pittsburgh,sources/112.png,1252,1800
113,downloaded public-domain source; crop unreviewed,File:113 Blue-bird.jpg,8750986,https://commons.wikimedia.org/wiki/File:113_Blue-bird.jpg,https://thumb.wikimedia.org/wikipedia/commons/thumb/5/51/113_Blue-bird.jpg/1920px-113_Blue-bird.jpg?utm_source=commons.wikimedia.org&utm_campaign=imageinfo&utm_content=thumbnail,https://upload.wikimedia.org/wikipedia/commons/5/51/113_Blue-bird.jpg?utm_source=commons.wikimedia.org&utm_campaign=imageinfo&utm_content=original,eb3345bff5ad8c91d5aabf04a006b1ed94aec1c9,99a3e15001ec1389fd9a188b75a152713c355a3b1335e4ad3407a1e3ac03b0d8,038eb04e5c7dee5ac7b5b5e71b000850a3a6e076fa669b50a43a0fe8b6f2412e,Public domain,,John James Audubon,University of Pittsburgh,sources/113.png,1252,1800
114,downloaded public-domain source; crop unreviewed,File:114 White-crowned Sparrow.jpg,8750999,https://commons.wikimedia.org/wiki/File:114_White-crowned_Sparrow.jpg,https://thumb.wikimedia.org/wikipedia/commons/thumb/8/88/114_White-crowned_Sparrow.jpg/1920px-114_White-crowned_Sparrow.jpg?utm_source=commons.wikimedia.org&utm_campaign=imageinfo&utm_content=thumbnail,https://upload.wikimedia.org/wikipedia/commons/8/88/114_White-crowned_Sparrow.jpg?utm_source=commons.wikimedia.org&utm_campaign=imageinfo&utm_content=original,86c23823d58905cb14c2f62d6c4220c2c1843373,9e27c2ae69d1986b856f2fc258a852becfe68be66c91a213999382b4ba2dd015,c4d0c9e12c2a9b5fbecbdead872d560ef4b90885c4434e713659ca6eb4f09a16,Public domain,,John James Audubon,University of Pittsburgh,sources/114.png,1251,1800
116,downloaded public-domain source; crop unreviewed,File:116 Ferruginous Thrush.jpg,8761064,https://commons.wikimedia.org/wiki/File:116_Ferruginous_Thrush.jpg,https://thumb.wikimedia.org/wikipedia/commons/thumb/a/a2/116_Ferruginous_Thrush.jpg/1920px-116_Ferruginous_Thrush.jpg?utm_source=commons.wikimedia.org&utm_campaign=imageinfo&utm_content=thumbnail,https://upload.wikimedia.org/wikipedia/commons/a/a2/116_Ferruginous_Thrush.jpg?utm_source=commons.wikimedia.org&utm_campaign=imageinfo&utm_content=original,7921128259bbb2b5b66d3876c11eed3d83839ada,977a838a2241bd38ad0dfa9dcc35f437c25054e8b6c5791529bc98663ca5bf17,44427b92e9c42697d4de27d87510b508c0f191faf88ffb72faa8349f7945efec,Public domain,,John James Audubon,University of Pittsburgh,sources/116.png,1252,1800
117,downloaded public-domain source; crop unreviewed,File:117 Mississippi Kite.jpg,8751032,https://commons.wikimedia.org/wiki/File:117_Mississippi_Kite.jpg,https://thumb.wikimedia.org/wikipedia/commons/thumb/3/34/117_Mississippi_Kite.jpg/1920px-117_Mississippi_Kite.jpg?utm_source=commons.wikimedia.org&utm_campaign=imageinfo&utm_content=thumbnail,https://upload.wikimedia.org/wikipedia/commons/3/34/117_Mississippi_Kite.jpg?utm_source=commons.wikimedia.org&utm_campaign=imageinfo&utm_content=original,e56315b013d26fc4d7d80ed45ea8a10078a830ba,7d42a1d438dbe05fd275dcce63090d2d0c5b6f3910d95919ae930f96fb1ffd3f,a279899a5ea8cb3bcb91f3d2b7359d5ef0304ae0c80749053e6250b9faac7993,Public domain,,John James Audubon,University of Pittsburgh,sources/117.png,1255,1800
119,downloaded public-domain source; crop unreviewed,File:119 Yellow-throated Vireo.jpg,8751045,https://commons.wikimedia.org/wiki/File:119_Yellow-throated_Vireo.jpg,https://thumb.wikimedia.org/wikipedia/commons/thumb/2/28/119_Yellow-throated_Vireo.jpg/1920px-119_Yellow-throated_Vireo.jpg?utm_source=commons.wikimedia.org&utm_campaign=imageinfo&utm_content=thumbnail,https://upload.wikimedia.org/wikipedia/commons/2/28/119_Yellow-throated_Vireo.jpg?utm_source=commons.wikimedia.org&utm_campaign=imageinfo&utm_content=original,ffd997e36b5073f7d1d268fa205292591cb9fb02,af39444f61e446af261a510c5f8b518a45295e8b4d0882137c3ea5f2fd8926d5,709189ea43a500c36616bcd4a1f42897d7404569e69fb6806c0cf0637a455041,Public domain,,John James Audubon,University of Pittsburgh,sources/119.png,1249,1800
120,downloaded public-domain source; crop unreviewed,File:120 Pewit Flycatcher.jpg,8751062,https://commons.wikimedia.org/wiki/File:120_Pewit_Flycatcher.jpg,https://thumb.wikimedia.org/wikipedia/commons/thumb/8/8c/120_Pewit_Flycatcher.jpg/1920px-120_Pewit_Flycatcher.jpg?utm_source=commons.wikimedia.org&utm_campaign=imageinfo&utm_content=thumbnail,https://upload.wikimedia.org/wikipedia/commons/8/8c/120_Pewit_Flycatcher.jpg?utm_source=commons.wikimedia.org&utm_campaign=imageinfo&utm_content=original,b1ca39caa2f5bf4e18ea3c55d242b45986b84c9a,eb01f06a37e814f2d7eb9ca0f224378fcb734f634c31d82d507dd1a6eede3ef7,165c9f5125fc2e6fe514bdbbefbe4f286ed0018d8886f30ad14366fb2291e128,Public domain,,John James Audubon,University of Pittsburgh,sources/120.png,1257,1800
122,downloaded public-domain source; crop unreviewed,File:122 Blue Grosbeak.jpg,8751071,https://commons.wikimedia.org/wiki/File:122_Blue_Grosbeak.jpg,https://thumb.wikimedia.org/wikipedia/commons/thumb/1/11/122_Blue_Grosbeak.jpg/1920px-122_Blue_Grosbeak.jpg?utm_source=commons.wikimedia.org&utm_campaign=imageinfo&utm_content=thumbnail,https://upload.wikimedia.org/wikipedia/commons/1/11/122_Blue_Grosbeak.jpg?utm_source=commons.wikimedia.org&utm_campaign=imageinfo&utm_content=original,1abed695c0a4c21a526c31254813cbabd5040555,17df8e440f6ce826fec2c076274afef674d9aef3eef36b266e7da7beffa44b64,cabf6a00c625ebf23d0acf0a102f3da9092e34b77d718ada296f4d5d15645e65,Public domain,,John James Audubon,University of Pittsburgh,sources/122.png,1254,1800
125,downloaded public-domain source; crop unreviewed,File:125 Brown-headed Nuthatch.jpg,8751105,https://commons.wikimedia.org/wiki/File:125_Brown-headed_Nuthatch.jpg,https://thumb.wikimedia.org/wikipedia/commons/thumb/f/f3/125_Brown-headed_Nuthatch.jpg/1920px-125_Brown-headed_Nuthatch.jpg?utm_source=commons.wikimedia.org&utm_campaign=imageinfo&utm_content=thumbnail,https://upload.wikimedia.org/wikipedia/commons/f/f3/125_Brown-headed_Nuthatch.jpg?utm_source=commons.wikimedia.org&utm_campaign=imageinfo&utm_content=original,f256f76791be93735c6a44102fbc49b07d6cab01,c24b1e8b49081ff68bc4f750cbedb36bebac3c897bfccd80f0de7b4114e73363,a719dfcfab1d96db17af96fb6984cba0d13b47470e0a49c8698e0ec9d04ef42e,Public domain,,John James Audubon,University of Pittsburgh,sources/125.png,1259,1800
127,downloaded public-domain source; crop unreviewed,File:127 Rose-breasted Grosbeak.jpg,8751147,https://commons.wikimedia.org/wiki/File:127_Rose-breasted_Grosbeak.jpg,https://thumb.wikimedia.org/wikipedia/commons/thumb/b/be/127_Rose-breasted_Grosbeak.jpg/1920px-127_Rose-breasted_Grosbeak.jpg?utm_source=commons.wikimedia.org&utm_campaign=imageinfo&utm_content=thumbnail,https://upload.wikimedia.org/wikipedia/commons/b/be/127_Rose-breasted_Grosbeak.jpg?utm_source=commons.wikimedia.org&utm_campaign=imageinfo&utm_content=original,5e7f3a2709cc62748c497ca95a6e1ea404d4f131,6be3a8b41c7edd150104686783764099f4fc306ec8831ed4f4bd57b11ad1f60b,973b56e0a198c9b8000ebaa4bd3e116bd7cddcaed80ffa35ddbd5c67a3651a0f,Public domain,,John James Audubon,University of Pittsburgh,sources/127.png,1255,1800
128,downloaded public-domain source; crop unreviewed,File:128 Cat Bird.jpg,8751159,https://commons.wikimedia.org/wiki/File:128_Cat_Bird.jpg,https://thumb.wikimedia.org/wikipedia/commons/thumb/8/8a/128_Cat_Bird.jpg/1920px-128_Cat_Bird.jpg?utm_source=commons.wikimedia.org&utm_campaign=imageinfo&utm_content=thumbnail,https://upload.wikimedia.org/wikipedia/commons/8/8a/128_Cat_Bird.jpg?utm_source=commons.wikimedia.org&utm_campaign=imageinfo&utm_content=original,b8298080aced6a01c121f1d270b671957b9a9d3f,255cc2e0d5985d79c248115abbbe1244290d47e6b632a6caf6bf1c781711a65e,3b056de7e1efdb4fd50aae2c0ffb6e3ed8af5a18d42166abee5e612de5ef1802,Public domain,,John James Audubon,University of Pittsburgh,sources/128.png,1253,1800
129,downloaded public-domain source; crop unreviewed,File:129 Great Crested Flycatcher.jpg,8751178,https://commons.wikimedia.org/wiki/File:129_Great_Crested_Flycatcher.jpg,https://thumb.wikimedia.org/wikipedia/commons/thumb/3/3e/129_Great_Crested_Flycatcher.jpg/1920px-129_Great_Crested_Flycatcher.jpg?utm_source=commons.wikimedia.org&utm_campaign=imageinfo&utm_content=thumbnail,https://upload.wikimedia.org/wikipedia/commons/3/3e/129_Great_Crested_Flycatcher.jpg?utm_source=commons.wikimedia.org&utm_campaign=imageinfo&utm_content=original,96913be27aca25be1a78260eefd9c7d1e4f92925,7049d42d02aec8cd5a9d803b8caaa3f943292ae3d3c592a2277b3239ece83612,db9cf25efbdaa18f78f67d560e4cfd47256ba78bfd559d65e24a67514bce4328,Public domain,,John James Audubon,University of Pittsburgh,sources/129.png,1249,1800
133,downloaded public-domain source; crop unreviewed,File:133 Black-poll Warbler.jpg,8751241,https://commons.wikimedia.org/wiki/File:133_Black-poll_Warbler.jpg,https://thumb.wikimedia.org/wikipedia/commons/thumb/6/6f/133_Black-poll_Warbler.jpg/1920px-133_Black-poll_Warbler.jpg?utm_source=commons.wikimedia.org&utm_campaign=imageinfo&utm_content=thumbnail,https://upload.wikimedia.org/wikipedia/commons/6/6f/133_Black-poll_Warbler.jpg?utm_source=commons.wikimedia.org&utm_campaign=imageinfo&utm_content=original,d47ed2af5237cbc5fbd63523ca69d2fa0736cecb,1ca9dc0297fa54cef65a38068f61f3f85b3dfa8b607b48b74338c1237c2727c4,063c56dd0cb5aee7d7cc08fa3277fd26d6426c0a78e622d3ee74726290da70f9,Public domain,,John James Audubon,University of Pittsburgh,sources/133.png,1253,1800
135,downloaded public-domain source; crop unreviewed,File:135 Blackburnian Warbler.jpg,8751287,https://commons.wikimedia.org/wiki/File:135_Blackburnian_Warbler.jpg,https://thumb.wikimedia.org/wikipedia/commons/thumb/c/cf/135_Blackburnian_Warbler.jpg/1920px-135_Blackburnian_Warbler.jpg?utm_source=commons.wikimedia.org&utm_campaign=imageinfo&utm_content=thumbnail,https://upload.wikimedia.org/wikipedia/commons/c/cf/135_Blackburnian_Warbler.jpg?utm_source=commons.wikimedia.org&utm_campaign=imageinfo&utm_content=original,29c599c2c81e8c23c01ccd39a387a7024eb3e673,453a7f7948c56c99d7465ada11f2908a758c1594b045513d629c445ad32aa372,a0f0cbad82683a11d927b8f157ae5164aeab055f27ccb6c8196eda75fd178317,Public domain,,John James Audubon,University of Pittsburgh,sources/135.png,1254,1800
137,downloaded public-domain source; crop unreviewed,File:137 Yellow-breasted Chat.jpg,8751307,https://commons.wikimedia.org/wiki/File:137_Yellow-breasted_Chat.jpg,https://thumb.wikimedia.org/wikipedia/commons/thumb/c/c2/137_Yellow-breasted_Chat.jpg/1920px-137_Yellow-breasted_Chat.jpg?utm_source=commons.wikimedia.org&utm_campaign=imageinfo&utm_content=thumbnail,https://upload.wikimedia.org/wikipedia/commons/c/c2/137_Yellow-breasted_Chat.jpg?utm_source=commons.wikimedia.org&utm_campaign=imageinfo&utm_content=original,b08a458918feea54d8ef2ada592b0cd4e71a6118,c9742701134c74543fe450c1a56baf2640b72e4cbc6768dded2f566c88f98894,177d092894f6411be834e59493ccbb63d3f1d3984f27817e24e7d7c7b397f803,Public domain,,John James Audubon,University of Pittsburgh,sources/137.png,1251,1800
138,downloaded public-domain source; crop unreviewed,File:138 Connecticut Warbler.jpg,8751318,https://commons.wikimedia.org/wiki/File:138_Connecticut_Warbler.jpg,https://thumb.wikimedia.org/wikipedia/commons/thumb/9/95/138_Connecticut_Warbler.jpg/1920px-138_Connecticut_Warbler.jpg?utm_source=commons.wikimedia.org&utm_campaign=imageinfo&utm_content=thumbnail,https://upload.wikimedia.org/wikipedia/commons/9/95/138_Connecticut_Warbler.jpg?utm_source=commons.wikimedia.org&utm_campaign=imageinfo&utm_content=original,355ee703162f7e77eccc14ea6837a6a697e6dbfe,ee70a10c900b59ae52740ac3cd35aeb3fffe18a3cb7820f4ae18e7d12d6e42ff,7b357826b455068edab16d2e4b378c66e51fcfd8b9c36f993f2f0c553e49a5e2,Public domain,,John James Audubon,University of Pittsburgh,sources/138.png,1248,1800
139,downloaded public-domain source; crop unreviewed,File:139 Field Sparrow.jpg,8751328,https://commons.wikimedia.org/wiki/File:139_Field_Sparrow.jpg,https://thumb.wikimedia.org/wikipedia/commons/thumb/d/db/139_Field_Sparrow.jpg/1920px-139_Field_Sparrow.jpg?utm_source=commons.wikimedia.org&utm_campaign=imageinfo&utm_content=thumbnail,https://upload.wikimedia.org/wikipedia/commons/d/db/139_Field_Sparrow.jpg?utm_source=commons.wikimedia.org&utm_campaign=imageinfo&utm_content=original,267ba74e3213eaf02a7c23e4f2fea75ba387fb32,8e05ef24e45cc6266742b4baf4e052d3a109a1bf8e84a2da6d550c24593ca89f,d1d6ba6b813a768d7b76e0bb21f95588e758478e690708f1e34aa51b3120e4f2,Public domain,,John James Audubon,University of Pittsburgh,sources/139.png,1251,1800
142,downloaded public-domain source; crop unreviewed,File:142 American Sparrow Hawk.jpg,8751370,https://commons.wikimedia.org/wiki/File:142_American_Sparrow_Hawk.jpg,https://thumb.wikimedia.org/wikipedia/commons/thumb/2/28/142_American_Sparrow_Hawk.jpg/1920px-142_American_Sparrow_Hawk.jpg?utm_source=commons.wikimedia.org&utm_campaign=imageinfo&utm_content=thumbnail,https://upload.wikimedia.org/wikipedia/commons/2/28/142_American_Sparrow_Hawk.jpg?utm_source=commons.wikimedia.org&utm_campaign=imageinfo&utm_content=original,13bb34724521b3b106a4856506367b47e17c8c75,e48ce3c2539d01398dff5058a8efc8321cf4cb0ad6eda9ad1372220315197390,881e0f1f29c6f080bed3003485ee4d263f702c6e7e3be6c8fa60200af63b1652,Public domain,,John James Audubon,University of Pittsburgh,sources/142.png,1254,1800
146,downloaded public-domain source; crop unreviewed,File:146 Fish Crow.jpg,8761122,https://commons.wikimedia.org/wiki/File:146_Fish_Crow.jpg,https://thumb.wikimedia.org/wikipedia/commons/thumb/4/4f/146_Fish_Crow.jpg/1920px-146_Fish_Crow.jpg?utm_source=commons.wikimedia.org&utm_campaign=imageinfo&utm_content=thumbnail,https://upload.wikimedia.org/wikipedia/commons/4/4f/146_Fish_Crow.jpg?utm_source=commons.wikimedia.org&utm_campaign=imageinfo&utm_content=original,d2f80aa33a5fa8bd146b4e5c01b90aa97afe6d85,954255dbc8f295fe665173ac81df347589d76f2c6816c4d571618944b08cc541,56c6fa571306c03c5a49f59e61179b4c0d2c8773a2f049e4573aaad6bb59fda9,Public domain,,John James Audubon,University of Pittsburgh,sources/146.png,1254,1800
150,downloaded public-domain source; crop unreviewed,File:150 Red-eyed Vireo.jpg,8755643,https://commons.wikimedia.org/wiki/File:150_Red-eyed_Vireo.jpg,https://thumb.wikimedia.org/wikipedia/commons/thumb/2/2d/150_Red-eyed_Vireo.jpg/1920px-150_Red-eyed_Vireo.jpg?utm_source=commons.wikimedia.org&utm_campaign=imageinfo&utm_content=thumbnail,https://upload.wikimedia.org/wikipedia/commons/2/2d/150_Red-eyed_Vireo.jpg?utm_source=commons.wikimedia.org&utm_campaign=imageinfo&utm_content=original,4a5f56e698bd98d9d297014bb497c92586f004dc,11eb24269fd5c2b0ea76d58240aee4087139f46464902188e7286833de46802b,3a2c3237c131cccd22e9df690142deb744bba374dd6a02b13a289a3e73e6f07f,Public domain,,John James Audubon,University of Pittsburgh,sources/150.png,1251,1800
151,downloaded public-domain source; crop unreviewed,File:151 Turkey Buzzard.jpg,8761163,https://commons.wikimedia.org/wiki/File:151_Turkey_Buzzard.jpg,https://thumb.wikimedia.org/wikipedia/commons/thumb/8/8c/151_Turkey_Buzzard.jpg/1920px-151_Turkey_Buzzard.jpg?utm_source=commons.wikimedia.org&utm_campaign=imageinfo&utm_content=thumbnail,https://upload.wikimedia.org/wikipedia/commons/8/8c/151_Turkey_Buzzard.jpg?utm_source=commons.wikimedia.org&utm_campaign=imageinfo&utm_content=original,9f60f71f82b890b1c4e08caf2aae5e4b06967ad6,87d60473cbc839df88da25da0e3e3afa19f2b3b993a3134eb341f3ffcdbc26b4,ad8337b0228d5b4f24202c6741a7cc2e3ef067ed81871785d2104894b48f0b91,Public domain,,John James Audubon,University of Pittsburgh,sources/151.png,1251,1800
154,downloaded public-domain source; crop unreviewed,File:154 Tennessee Warbler.jpg,8755718,https://commons.wikimedia.org/wiki/File:154_Tennessee_Warbler.jpg,https://thumb.wikimedia.org/wikipedia/commons/thumb/b/be/154_Tennessee_Warbler.jpg/1920px-154_Tennessee_Warbler.jpg?utm_source=commons.wikimedia.org&utm_campaign=imageinfo&utm_content=thumbnail,https://upload.wikimedia.org/wikipedia/commons/b/be/154_Tennessee_Warbler.jpg?utm_source=commons.wikimedia.org&utm_campaign=imageinfo&utm_content=original,58291e58e05e107bb3bb6417f28a89b0c157f079,a65e0f0ecf7c6c7509c6fe873792c58c213f224bd659e1bd3190df7c63945fdb,bed25396326d234b9140495237a4334c49e3c484c67c02a89b018237cc137edf,Public domain,,John James Audubon,University of Pittsburgh,sources/154.png,1249,1800
155,downloaded public-domain source; crop unreviewed,File:155 Black-throated Blue Warbler.jpg,8755738,https://commons.wikimedia.org/wiki/File:155_Black-throated_Blue_Warbler.jpg,https://thumb.wikimedia.org/wikipedia/commons/thumb/6/61/155_Black-throated_Blue_Warbler.jpg/1920px-155_Black-throated_Blue_Warbler.jpg?utm_source=commons.wikimedia.org&utm_campaign=imageinfo&utm_content=thumbnail,https://upload.wikimedia.org/wikipedia/commons/6/61/155_Black-throated_Blue_Warbler.jpg?utm_source=commons.wikimedia.org&utm_campaign=imageinfo&utm_content=original,819232d77c8fc74a0905b4ee53a654f934548278,ac030d7560f3b493f6dd916a10a2a7c6f592bdd1951b6c0d3dc82786ac6cc56b,483a0bbc09e40b5a6f3ddc92a324851cdada182f63377df692ef9d3f83b16337,Public domain,,John James Audubon,University of Pittsburgh,sources/155.png,1248,1800
156,downloaded public-domain source; crop unreviewed,File:156 American Crow.jpg,8755781,https://commons.wikimedia.org/wiki/File:156_American_Crow.jpg,https://thumb.wikimedia.org/wikipedia/commons/thumb/5/5f/156_American_Crow.jpg/1920px-156_American_Crow.jpg?utm_source=commons.wikimedia.org&utm_campaign=imageinfo&utm_content=thumbnail,https://upload.wikimedia.org/wikipedia/commons/5/5f/156_American_Crow.jpg?utm_source=commons.wikimedia.org&utm_campaign=imageinfo&utm_content=original,9d224d9fc554d6d5a7d95870af2b47fae418828d,68cf286505af93a77c479ca26ff08b273de6875201308f4e8c656ba0eabcd40f,32bf63896c09e3467561d1476b5d71ec70ad33505a6df2818ab07d47a860336e,Public domain,,John James Audubon,University of Pittsburgh,sources/156.png,1249,1800
158,downloaded public-domain source; crop unreviewed,File:158 American Swift.jpg,8755831,https://commons.wikimedia.org/wiki/File:158_American_Swift.jpg,https://thumb.wikimedia.org/wikipedia/commons/thumb/d/d1/158_American_Swift.jpg/1920px-158_American_Swift.jpg?utm_source=commons.wikimedia.org&utm_campaign=imageinfo&utm_content=thumbnail,https://upload.wikimedia.org/wikipedia/commons/d/d1/158_American_Swift.jpg?utm_source=commons.wikimedia.org&utm_campaign=imageinfo&utm_content=original,97d30e9cb1ac8b8d2a048b971219868089f0ddb4,f9a881abf3514e8ebb91263ec65c25eefea0793c2dc6e6db1fdd3f3521a31049,07c907794ba9b1080252779fdf6bc581b965273649caf84eb0a7a97a41f1d93f,Public domain,,John James Audubon,University of Pittsburgh,sources/158.png,1252,1800
159,downloaded public-domain source; crop unreviewed,File:159 Cardinal Grosbeak.jpg,8755862,https://commons.wikimedia.org/wiki/File:159_Cardinal_Grosbeak.jpg,https://thumb.wikimedia.org/wikipedia/commons/thumb/9/97/159_Cardinal_Grosbeak.jpg/1920px-159_Cardinal_Grosbeak.jpg?utm_source=commons.wikimedia.org&utm_campaign=imageinfo&utm_content=thumbnail,https://upload.wikimedia.org/wikipedia/commons/9/97/159_Cardinal_Grosbeak.jpg?utm_source=commons.wikimedia.org&utm_campaign=imageinfo&utm_content=original,c8a80c051478b469b094fca95c212d59e74de74f,91fb24a6af195be76fb8a320f9aa2820c739c1ac1f9c5635724c790b4f5cd5d7,71c9ae1bbcdc6eb82935c5c6120ca506622135eb48915164391108c52b266aac,Public domain,,John James Audubon,University of Pittsburgh,sources/159.png,1251,1800
160,downloaded public-domain source; crop unreviewed,File:160 Black-capped Titmouse.jpg,8761234,https://commons.wikimedia.org/wiki/File:160_Black-capped_Titmouse.jpg,https://thumb.wikimedia.org/wikipedia/commons/thumb/9/92/160_Black-capped_Titmouse.jpg/1920px-160_Black-capped_Titmouse.jpg?utm_source=commons.wikimedia.org&utm_campaign=imageinfo&utm_content=thumbnail,https://upload.wikimedia.org/wikipedia/commons/9/92/160_Black-capped_Titmouse.jpg?utm_source=commons.wikimedia.org&utm_campaign=imageinfo&utm_content=original,16d0a155cd732edf383a63606aaec53e9d31676f,094d5d5b477e24153e3c650b026b1bbe7a6a1d6f3e5fbcf7763b1752cca10ced,07d7d9a1beeab14360206d5ce154672dc7bb47fb7ec65d765aa4b10003c82422,Public domain,,John James Audubon,University of Pittsburgh,sources/160.png,1254,1800
163,downloaded public-domain source; crop unreviewed,File:163 Palm Warbler.jpg,8755958,https://commons.wikimedia.org/wiki/File:163_Palm_Warbler.jpg,https://thumb.wikimedia.org/wikipedia/commons/thumb/a/a3/163_Palm_Warbler.jpg/1920px-163_Palm_Warbler.jpg?utm_source=commons.wikimedia.org&utm_campaign=imageinfo&utm_content=thumbnail,https://upload.wikimedia.org/wikipedia/commons/a/a3/163_Palm_Warbler.jpg?utm_source=commons.wikimedia.org&utm_campaign=imageinfo&utm_content=original,de10ab9f7bdf7ad8e07bb7342edeced033f01fc6,9b7570c393672fe7a4eade9f2c2d12e9a6186758248dcf4cf86fcd68ca114c22,5147588861f12bbdfc0ad880aa16f5564d77b263d3b7b3a2515b66bd3a18ffff,Public domain,,John James Audubon,University of Pittsburgh,sources/163.png,1252,1800
168,downloaded public-domain source; crop unreviewed,File:168 Fork-tailed Flycatcher.jpg,8756094,https://commons.wikimedia.org/wiki/File:168_Fork-tailed_Flycatcher.jpg,https://thumb.wikimedia.org/wikipedia/commons/thumb/e/e9/168_Fork-tailed_Flycatcher.jpg/1920px-168_Fork-tailed_Flycatcher.jpg?utm_source=commons.wikimedia.org&utm_campaign=imageinfo&utm_content=thumbnail,https://upload.wikimedia.org/wikipedia/commons/e/e9/168_Fork-tailed_Flycatcher.jpg?utm_source=commons.wikimedia.org&utm_campaign=imageinfo&utm_content=original,ab6ce4c4a81c0e17b1a58ada0e3eebb2ed6fca38,bea1487aa0facbf340f8d0f0e4a07f9d63faa2ac00fef4427625b023a3348e5d,9b0453e6726fd93f63c1d4f81af9b7eedb4dd07568dc60a753fda77078be2c86,Public domain,,John James Audubon,University of Pittsburgh,sources/168.png,1245,1800
169,downloaded public-domain source; crop unreviewed,File:169 Mangrove Cuckoo.jpg,8756119,https://commons.wikimedia.org/wiki/File:169_Mangrove_Cuckoo.jpg,https://thumb.wikimedia.org/wikipedia/commons/thumb/1/14/169_Mangrove_Cuckoo.jpg/1920px-169_Mangrove_Cuckoo.jpg?utm_source=commons.wikimedia.org&utm_campaign=imageinfo&utm_content=thumbnail,https://upload.wikimedia.org/wikipedia/commons/1/14/169_Mangrove_Cuckoo.jpg?utm_source=commons.wikimedia.org&utm_campaign=imageinfo&utm_content=original,93fe2e24258677cc15def5341b5af5bff4d9893a,f89c1356ae132ce834a8d61b70a64e064c73630ac3c32e1245635c4cc8cf7264,1fb3e7c7ed827014a8864a33f60489149df9a27d21d15ebcb14915570c2cf4e5,Public domain,,John James Audubon,University of Pittsburgh,sources/169.png,1253,1800
174,downloaded public-domain source; crop unreviewed,File:174 Olive sided Flycatcher.jpg,8756246,https://commons.wikimedia.org/wiki/File:174_Olive_sided_Flycatcher.jpg,https://thumb.wikimedia.org/wikipedia/commons/thumb/b/b5/174_Olive_sided_Flycatcher.jpg/1920px-174_Olive_sided_Flycatcher.jpg?utm_source=commons.wikimedia.org&utm_campaign=imageinfo&utm_content=thumbnail,https://upload.wikimedia.org/wikipedia/commons/b/b5/174_Olive_sided_Flycatcher.jpg?utm_source=commons.wikimedia.org&utm_campaign=imageinfo&utm_content=original,48298403922b8c8992d45c24895b9bc8f444ec2b,2c7f327525f6eb3d6a8b32fe66accd10b0a6a8e3598ce225e0f6d609dd6c4cf2,a7b5d90ae338cfe4710f9ebfa018a1f426517c078913d6e281f30a0fb1e60b9f,Public domain,,John James Audubon,University of Pittsburgh,sources/174.png,1245,1800
178,downloaded public-domain source; crop unreviewed,File:178 Orange-crowned Warbler.jpg,8756323,https://commons.wikimedia.org/wiki/File:178_Orange-crowned_Warbler.jpg,https://thumb.wikimedia.org/wikipedia/commons/thumb/6/6a/178_Orange-crowned_Warbler.jpg/1920px-178_Orange-crowned_Warbler.jpg?utm_source=commons.wikimedia.org&utm_campaign=imageinfo&utm_content=thumbnail,https://upload.wikimedia.org/wikipedia/commons/6/6a/178_Orange-crowned_Warbler.jpg?utm_source=commons.wikimedia.org&utm_campaign=imageinfo&utm_content=original,7efdd62e773cfb5d79cee819966b2afdb0b99dd3,e2d18053aaebbcc3331fea1292c89db9d32ef55577ea6001f188a8bbdf0bbfe3,d9abc4a314a068f5b71b21b8737c83c42e7c69f621279ce0daff003947f3fa33,Public domain,,John James Audubon,University of Pittsburgh,sources/178.png,1252,1800
187,downloaded public-domain source; crop unreviewed,File:187 Boat-tailed Grackle.jpg,8768264,https://commons.wikimedia.org/wiki/File:187_Boat-tailed_Grackle.jpg,https://thumb.wikimedia.org/wikipedia/commons/thumb/0/07/187_Boat-tailed_Grackle.jpg/1920px-187_Boat-tailed_Grackle.jpg?utm_source=commons.wikimedia.org&utm_campaign=imageinfo&utm_content=thumbnail,https://upload.wikimedia.org/wikipedia/commons/0/07/187_Boat-tailed_Grackle.jpg?utm_source=commons.wikimedia.org&utm_campaign=imageinfo&utm_content=original,206134108370cd0793046fd714ed929cca21348b,188889d17740c79d911e18c06f85b33b7c212d5e522d707e054ef4ce98cda04d,e1d034d174234d671ca3d5b8a7b31e92e9d56e20e5010e22c60d5a30848cf994,Public domain,,John James Audubon,University of Pittsburgh,sources/187.png,1254,1800
205,downloaded public-domain source; crop unreviewed,File:205 Virginia Rail.jpg,8768486,https://commons.wikimedia.org/wiki/File:205_Virginia_Rail.jpg,https://thumb.wikimedia.org/wikipedia/commons/thumb/7/7f/205_Virginia_Rail.jpg/1920px-205_Virginia_Rail.jpg?utm_source=commons.wikimedia.org&utm_campaign=imageinfo&utm_content=thumbnail,https://upload.wikimedia.org/wikipedia/commons/7/7f/205_Virginia_Rail.jpg?utm_source=commons.wikimedia.org&utm_campaign=imageinfo&utm_content=original,de7c11a2be2144ff3684c6c034b940073940bb3d,de3c678559f08a33073f6f8d728918aef8eced3e29b2ebfed443c5ebb7c7e0f0,1d7c7fe3b719104e36a6faa4d78f7469cec995a37b892337148d6b84938af0aa,Public domain,,John James Audubon,University of Pittsburgh,sources/205.png,1800,1258
209,downloaded public-domain source; crop unreviewed,File:209 Wilson's Plover.jpg,8768512,https://commons.wikimedia.org/wiki/File:209_Wilson%27s_Plover.jpg,https://thumb.wikimedia.org/wikipedia/commons/thumb/5/55/209_Wilson%27s_Plover.jpg/1920px-209_Wilson%27s_Plover.jpg?utm_source=commons.wikimedia.org&utm_campaign=imageinfo&utm_content=thumbnail,https://upload.wikimedia.org/wikipedia/commons/5/55/209_Wilson%27s_Plover.jpg?utm_source=commons.wikimedia.org&utm_campaign=imageinfo&utm_content=original,1fee8c48fc31e277a15e551cda801655e829d3ef,11d32789845f0f09be8dbcd30303f6fc14116028c344f823c861ab4f9ed3ec16,ac434cc27b39d4b4589ac5da76c0f453254c597270fecea8638de78aef761e8e,Public domain,,John James Audubon,University of Pittsburgh,sources/209.png,1800,1253
210,downloaded public-domain source; crop unreviewed,File:210 Least Bittern.jpg,8768528,https://commons.wikimedia.org/wiki/File:210_Least_Bittern.jpg,https://thumb.wikimedia.org/wikipedia/commons/thumb/0/0e/210_Least_Bittern.jpg/1920px-210_Least_Bittern.jpg?utm_source=commons.wikimedia.org&utm_campaign=imageinfo&utm_content=thumbnail,https://upload.wikimedia.org/wikipedia/commons/0/0e/210_Least_Bittern.jpg?utm_source=commons.wikimedia.org&utm_campaign=imageinfo&utm_content=original,fedbbb9b51fea3a2100b33697d30050d72648077,f85270bc70522c6e9b5b9b7f188d093f4902d09e191792ba266bd0db57594c95,1f6d0e1dc0e6ca8e3ab4710afb94aff5ec669dc1497681c496ddbd54fe198db3,Public domain,,John James Audubon,University of Pittsburgh,sources/210.png,1800,1261
211,downloaded public-domain source; crop unreviewed,File:211 Great blue Heron.jpg,8770605,https://commons.wikimedia.org/wiki/File:211_Great_blue_Heron.jpg,https://thumb.wikimedia.org/wikipedia/commons/thumb/6/6e/211_Great_blue_Heron.jpg/1920px-211_Great_blue_Heron.jpg?utm_source=commons.wikimedia.org&utm_campaign=imageinfo&utm_content=thumbnail,https://upload.wikimedia.org/wikipedia/commons/6/6e/211_Great_blue_Heron.jpg?utm_source=commons.wikimedia.org&utm_campaign=imageinfo&utm_content=original,a11e8d3f3b3dcf55b16ce93c86d57c335091d827,6c46fe3c9322680ba44fa7471661a01d38199d8ebb59b490bc9a73b9b88d55de,87b381a3cc26323c2eb4e5e586a3eb1bcb040799356e0e50e203bf17348aae1d,Public domain,,John James Audubon,University of Pittsburgh,sources/211.png,1255,1800
220,downloaded public-domain source; crop unreviewed,File:220 Piping Plover.jpg,8768662,https://commons.wikimedia.org/wiki/File:220_Piping_Plover.jpg,https://thumb.wikimedia.org/wikipedia/commons/thumb/0/0f/220_Piping_Plover.jpg/1920px-220_Piping_Plover.jpg?utm_source=commons.wikimedia.org&utm_campaign=imageinfo&utm_content=thumbnail,https://upload.wikimedia.org/wikipedia/commons/0/0f/220_Piping_Plover.jpg?utm_source=commons.wikimedia.org&utm_campaign=imageinfo&utm_content=original,699f4656e41642e15ad68e3390ae6dd67aceb7ea,a048a69e375a4fa814b4685c9c8ac4c75c918895e13d5c55ca7f95f75fa32b02,7b4335552d94aa3ae7c622b15e60fb76009ae184434d3783e671c67c79f34461,Public domain,,John James Audubon,University of Pittsburgh,sources/220.png,1800,1261
222,downloaded public-domain source; crop unreviewed,File:222 White Ibis.jpg,8768681,https://commons.wikimedia.org/wiki/File:222_White_Ibis.jpg,https://thumb.wikimedia.org/wikipedia/commons/thumb/8/84/222_White_Ibis.jpg/1920px-222_White_Ibis.jpg?utm_source=commons.wikimedia.org&utm_campaign=imageinfo&utm_content=thumbnail,https://upload.wikimedia.org/wikipedia/commons/8/84/222_White_Ibis.jpg?utm_source=commons.wikimedia.org&utm_campaign=imageinfo&utm_content=original,ace9d7be17d433fabad47b8d41e78b21f8f7a36d,1fb6ec5f5ce570dd37590fa605488e97526fb3c4d00c50796eaea4e275c4a86e,b7a184fa2e1dc49ef59ec218c90ca22eab6b18b7cd486b6995734fff1b4bd835,Public domain,,John James Audubon,University of Pittsburgh,sources/222.png,1800,1252
231,downloaded public-domain source; crop unreviewed,File:231 Long-billed Curlew.jpg,8770672,https://commons.wikimedia.org/wiki/File:231_Long-billed_Curlew.jpg,https://thumb.wikimedia.org/wikipedia/commons/thumb/c/c2/231_Long-billed_Curlew.jpg/1920px-231_Long-billed_Curlew.jpg?utm_source=commons.wikimedia.org&utm_campaign=imageinfo&utm_content=thumbnail,https://upload.wikimedia.org/wikipedia/commons/c/c2/231_Long-billed_Curlew.jpg?utm_source=commons.wikimedia.org&utm_campaign=imageinfo&utm_content=original,383c77e7063f0bbf585cf46147a0cc27605d8a6d,7ad69717189d97d0dd476072152494b9f6f501790d37c2a52aab423cc113d64f,610d1c47c1af776db4faf6266c6e5774f623c47fae64b0e2a1c589277b15a2fd,Public domain,,John James Audubon,University of Pittsburgh,sources/231.png,1800,1249
234,downloaded public-domain source; crop unreviewed,File:234 Tufted Duck.jpg,8775361,https://commons.wikimedia.org/wiki/File:234_Tufted_Duck.jpg,https://thumb.wikimedia.org/wikipedia/commons/thumb/a/aa/234_Tufted_Duck.jpg/1920px-234_Tufted_Duck.jpg?utm_source=commons.wikimedia.org&utm_campaign=imageinfo&utm_content=thumbnail,https://upload.wikimedia.org/wikipedia/commons/a/aa/234_Tufted_Duck.jpg?utm_source=commons.wikimedia.org&utm_campaign=imageinfo&utm_content=original,5b22b2bdff8fa17158167770ac6b4a67f8be8494,891f17656392208ab2117cc5cf2033909e1c8c8d742728f6145100436c9e577c,cd0025c7e24ee959c028a38e25c34643cf886afbfefaaddd6c3c49274cc27d71,Public domain,,John James Audubon,University of Pittsburgh,sources/234.png,1800,1252
235,downloaded public-domain source; crop unreviewed,File:235 Sooty Tern.jpg,8775389,https://commons.wikimedia.org/wiki/File:235_Sooty_Tern.jpg,https://thumb.wikimedia.org/wikipedia/commons/thumb/8/85/235_Sooty_Tern.jpg/1920px-235_Sooty_Tern.jpg?utm_source=commons.wikimedia.org&utm_campaign=imageinfo&utm_content=thumbnail,https://upload.wikimedia.org/wikipedia/commons/8/85/235_Sooty_Tern.jpg?utm_source=commons.wikimedia.org&utm_campaign=imageinfo&utm_content=original,7661fc618142ac4692dba44e99d0e557ae8e6a23,5218820819cdc9800a489957af571f056898a960f43ec76d6d6eeae80f71e02e,cc10c822335113c3559bc970382ff09529de0f17b52da896a5c849de3fe4ab28,Public domain,,John James Audubon,University of Pittsburgh,sources/235.png,1800,1255
239,downloaded public-domain source; crop unreviewed,File:239 American Coot.jpg,8775542,https://commons.wikimedia.org/wiki/File:239_American_Coot.jpg,https://thumb.wikimedia.org/wikipedia/commons/thumb/b/ba/239_American_Coot.jpg/1920px-239_American_Coot.jpg?utm_source=commons.wikimedia.org&utm_campaign=imageinfo&utm_content=thumbnail,https://upload.wikimedia.org/wikipedia/commons/b/ba/239_American_Coot.jpg?utm_source=commons.wikimedia.org&utm_campaign=imageinfo&utm_content=original,82852ef6c897f647c282b53900815e6f31a1e1ef,71fa822d445d4de8b079b36f9b3aee57c80ffa2df7e42c065db06a67acb1729f,b9184d4c543e23dd414c7bcde861ea44109ac8e02f2a85eb757f7e9c9af6ff03,Public domain,,John James Audubon,University of Pittsburgh,sources/239.png,1800,1261
242,downloaded public-domain source; crop unreviewed,File:242 Snowy Heron or White Egret.jpg,8775579,https://commons.wikimedia.org/wiki/File:242_Snowy_Heron_or_White_Egret.jpg,https://thumb.wikimedia.org/wikipedia/commons/thumb/9/99/242_Snowy_Heron_or_White_Egret.jpg/1920px-242_Snowy_Heron_or_White_Egret.jpg?utm_source=commons.wikimedia.org&utm_campaign=imageinfo&utm_content=thumbnail,https://upload.wikimedia.org/wikipedia/commons/9/99/242_Snowy_Heron_or_White_Egret.jpg?utm_source=commons.wikimedia.org&utm_campaign=imageinfo&utm_content=original,95cd02d8a8588c2288313f03812f7d106aed4f7a,4fb771c21c823572fa5d6e5b49b00f0fe283f4c459a96abb9fc1b823a68c4717,263f422129f495d28b538356c636ee59fabc331ca7e198224fbf345c14ef2315,Public domain,,John James Audubon,University of Pittsburgh,sources/242.png,1262,1800
244,downloaded public-domain source; crop unreviewed,File:244 Common Gallinule.jpg,8775617,https://commons.wikimedia.org/wiki/File:244_Common_Gallinule.jpg,https://thumb.wikimedia.org/wikipedia/commons/thumb/0/04/244_Common_Gallinule.jpg/1920px-244_Common_Gallinule.jpg?utm_source=commons.wikimedia.org&utm_campaign=imageinfo&utm_content=thumbnail,https://upload.wikimedia.org/wikipedia/commons/0/04/244_Common_Gallinule.jpg?utm_source=commons.wikimedia.org&utm_campaign=imageinfo&utm_content=original,dafe318d72d10885fe4874bb9ecf90a12096c457,7062813ff9e8942e7209aab205ca4cb461babefbade43585d9846b0d5138d794,662ca9dc82749781d80a6fa0c1c2fd0404493b234b6e8b1054e9a5934c0d3b74,Public domain,,John James Audubon,University of Pittsburgh,sources/244.png,1800,1254
254,downloaded public-domain source; crop unreviewed,File:254 Wilson's Phalarope.jpg,8775800,https://commons.wikimedia.org/wiki/File:254_Wilson%27s_Phalarope.jpg,https://thumb.wikimedia.org/wikipedia/commons/thumb/0/09/254_Wilson%27s_Phalarope.jpg/1920px-254_Wilson%27s_Phalarope.jpg?utm_source=commons.wikimedia.org&utm_campaign=imageinfo&utm_content=thumbnail,https://upload.wikimedia.org/wikipedia/commons/0/09/254_Wilson%27s_Phalarope.jpg?utm_source=commons.wikimedia.org&utm_campaign=imageinfo&utm_content=original,5354f03e789f4987f7436f80196f960d598f2c40,48899c348deab9e72fb6c474124f0d7fff076bebc3ed111938e5fe134ba61776,aef8fef06e90c86e7ee6568d3ee5a66b4f1e932509aeac008450f1521ab71847,Public domain,,John James Audubon,University of Pittsburgh,sources/254.png,1800,1248
257,downloaded public-domain source; crop unreviewed,File:257 Double-crested Cormorant.jpg,8717104,https://commons.wikimedia.org/wiki/File:257_Double-crested_Cormorant.jpg,https://thumb.wikimedia.org/wikipedia/commons/thumb/b/bb/257_Double-crested_Cormorant.jpg/1920px-257_Double-crested_Cormorant.jpg?utm_source=commons.wikimedia.org&utm_campaign=imageinfo&utm_content=thumbnail,https://upload.wikimedia.org/wikipedia/commons/b/bb/257_Double-crested_Cormorant.jpg?utm_source=commons.wikimedia.org&utm_campaign=imageinfo&utm_content=original,7dcedf8b0cc7444242f569cf9e14710e9ac0a998,43519567d9890d704575f3fcc830f13cd05bb2308cc8cbf52d52a014c643af7d,44631e8db3449ff7544feee288a418cb29fd9b91f991a8b66049680fb560c5b3,Public domain,,John James Audubon,University of Pittsburgh,sources/257.png,1249,1800
258,downloaded public-domain source; crop unreviewed,File:258 Hudsonian Godwit.jpg,8717147,https://commons.wikimedia.org/wiki/File:258_Hudsonian_Godwit.jpg,https://thumb.wikimedia.org/wikipedia/commons/thumb/3/32/258_Hudsonian_Godwit.jpg/1920px-258_Hudsonian_Godwit.jpg?utm_source=commons.wikimedia.org&utm_campaign=imageinfo&utm_content=thumbnail,https://upload.wikimedia.org/wikipedia/commons/3/32/258_Hudsonian_Godwit.jpg?utm_source=commons.wikimedia.org&utm_campaign=imageinfo&utm_content=original,9f3a40662ebf99384908fede447497c447df2d31,11f4fb35888447db52532c51cd565fbc92ad26bb3a20ede3fba3e3608fc601f8,6c6d1966676a38b2d64b5e52e8068a6cdf859bb660d54d3e46f967ac4f2ed52e,Public domain,,John James Audubon,University of Pittsburgh,sources/258.png,1800,1249
268,downloaded public-domain source; crop unreviewed,File:268 American Woodcock.jpg,8715741,https://commons.wikimedia.org/wiki/File:268_American_Woodcock.jpg,https://thumb.wikimedia.org/wikipedia/commons/thumb/3/3b/268_American_Woodcock.jpg/1920px-268_American_Woodcock.jpg?utm_source=commons.wikimedia.org&utm_campaign=imageinfo&utm_content=thumbnail,https://upload.wikimedia.org/wikipedia/commons/3/3b/268_American_Woodcock.jpg?utm_source=commons.wikimedia.org&utm_campaign=imageinfo&utm_content=original,5ee5cdc7de40eea068a8ecdb01045ec51bef8be6,7073cdf9c0c175d2921ceea016718b2373531dbb66449514368ee4a4c7f9c250,2558b94e8b4606cc5b7a7c123d5df2bc9d2e46ae6f5aef8e6d420f5d8f4f105d,Public domain,,John James Audubon,University of Pittsburgh,sources/268.png,1800,1252
289,downloaded public-domain source; crop unreviewed,File:289 Solitary Sandpiper.jpg,8717755,https://commons.wikimedia.org/wiki/File:289_Solitary_Sandpiper.jpg,https://thumb.wikimedia.org/wikipedia/commons/thumb/e/ef/289_Solitary_Sandpiper.jpg/1920px-289_Solitary_Sandpiper.jpg?utm_source=commons.wikimedia.org&utm_campaign=imageinfo&utm_content=thumbnail,https://upload.wikimedia.org/wikipedia/commons/e/ef/289_Solitary_Sandpiper.jpg?utm_source=commons.wikimedia.org&utm_campaign=imageinfo&utm_content=original,99979d778309a39e472b35e1123c887681c08101,811b523cc6a9fe42b0d689657adc5ac444f018860b2f39a78f7d7d88895ccaa6,3c29acfd15b4b7294d0dde9203f2dbd01052ef3eaff3e8c85d043e4d6bd9da8c,Public domain,,John James Audubon,University of Pittsburgh,sources/289.png,1800,1253
305,downloaded public-domain source; crop unreviewed,File:305 Purple Gallinule.jpg,8779453,https://commons.wikimedia.org/wiki/File:305_Purple_Gallinule.jpg,https://thumb.wikimedia.org/wikipedia/commons/thumb/a/ab/305_Purple_Gallinule.jpg/1920px-305_Purple_Gallinule.jpg?utm_source=commons.wikimedia.org&utm_campaign=imageinfo&utm_content=thumbnail,https://upload.wikimedia.org/wikipedia/commons/a/ab/305_Purple_Gallinule.jpg?utm_source=commons.wikimedia.org&utm_campaign=imageinfo&utm_content=original,63c29ecaa6b26f434f3d35108dc6b4809fcdbb65,82cbcca9b737d2d569e707d8a7e9fcec4c1dbc4b31a4052d2d36122eb031ffd4,d86b5f92495057bd44b020a20aef131abd421971f89aba26f48aa24357434caf,Public domain,,John James Audubon,University of Pittsburgh,sources/305.png,1800,1250
311,downloaded public-domain source; crop unreviewed,File:311 American White Pelican.jpg,8779923,https://commons.wikimedia.org/wiki/File:311_American_White_Pelican.jpg,https://thumb.wikimedia.org/wikipedia/commons/thumb/f/f1/311_American_White_Pelican.jpg/1920px-311_American_White_Pelican.jpg?utm_source=commons.wikimedia.org&utm_campaign=imageinfo&utm_content=thumbnail,https://upload.wikimedia.org/wikipedia/commons/f/f1/311_American_White_Pelican.jpg?utm_source=commons.wikimedia.org&utm_campaign=imageinfo&utm_content=original,7cb1deb379694fdeab22b9a4ca02ebf116c67518,23d4c2fe91c2d899cb0ff847a8dbcdfd65cb6624adb9c8d496565ee1f48233a1,0cf33ca66e296a7f72753bea16f7d5d230ba6d2152b08d404887f6834fa9bef2,Public domain,,John James Audubon,University of Pittsburgh,sources/311.png,1258,1800
313,downloaded public-domain source; crop unreviewed,File:313 Blue-Winged Teal.jpg,8779651,https://commons.wikimedia.org/wiki/File:313_Blue-Winged_Teal.jpg,https://thumb.wikimedia.org/wikipedia/commons/thumb/b/b4/313_Blue-Winged_Teal.jpg/1920px-313_Blue-Winged_Teal.jpg?utm_source=commons.wikimedia.org&utm_campaign=imageinfo&utm_content=thumbnail,https://upload.wikimedia.org/wikipedia/commons/b/b4/313_Blue-Winged_Teal.jpg?utm_source=commons.wikimedia.org&utm_campaign=imageinfo&utm_content=original,02f8342b795f753782b47757a46e852b665ede4b,257a11dd5396efe9e27683c4c8984dd10768ad4b5478423c69c31a6918439eb4,b573baaa891c5ced27ac1bab3dd9af1b73a29285f7373f8dfeb24afc91541bc4,Public domain,,John James Audubon,University of Pittsburgh,sources/313.png,1800,1255
318,downloaded public-domain source; crop unreviewed,File:318 American Avocet.jpg,8783482,https://commons.wikimedia.org/wiki/File:318_American_Avocet.jpg,https://thumb.wikimedia.org/wikipedia/commons/thumb/d/db/318_American_Avocet.jpg/1920px-318_American_Avocet.jpg?utm_source=commons.wikimedia.org&utm_campaign=imageinfo&utm_content=thumbnail,https://upload.wikimedia.org/wikipedia/commons/d/db/318_American_Avocet.jpg?utm_source=commons.wikimedia.org&utm_campaign=imageinfo&utm_content=original,8a80a64514b50375850090edfa0aa7ac6ea1db51,5055805316dcc8de485fb7d021a56de8d2d53fd7b3215d2bfbe41114949d1628,53c44e7ac9e544cddd8e4db9974adf7551b3a7c5d96101d2561427670b8c12bb,Public domain,,John James Audubon,University of Pittsburgh,sources/318.png,1800,1256
321,downloaded public-domain source; crop unreviewed,File:321 Roseate Spoonbill.jpg,8895389,https://commons.wikimedia.org/wiki/File:321_Roseate_Spoonbill.jpg,https://thumb.wikimedia.org/wikipedia/commons/thumb/0/08/321_Roseate_Spoonbill.jpg/1920px-321_Roseate_Spoonbill.jpg?utm_source=commons.wikimedia.org&utm_campaign=imageinfo&utm_content=thumbnail,https://upload.wikimedia.org/wikipedia/commons/0/08/321_Roseate_Spoonbill.jpg?utm_source=commons.wikimedia.org&utm_campaign=imageinfo&utm_content=original,0b71e4b7d56f9be7deef2a7be53b22a4faa8c1f1,8d40115442b84ba344221e49a841848bf060c3cd19d008c9df3258c60649e8fc,a31bc3524ad3ff0a5eef5dc02c3f70bb11d0221f3711b6143b6df1ddf9f17aa4,Public domain,,John James Audubon,University of Pittsburgh,sources/321.png,1800,1244
333,downloaded public-domain source; crop unreviewed,File:333 Green Heron.jpg,8783678,https://commons.wikimedia.org/wiki/File:333_Green_Heron.jpg,https://thumb.wikimedia.org/wikipedia/commons/thumb/5/50/333_Green_Heron.jpg/1920px-333_Green_Heron.jpg?utm_source=commons.wikimedia.org&utm_campaign=imageinfo&utm_content=thumbnail,https://upload.wikimedia.org/wikipedia/commons/5/50/333_Green_Heron.jpg?utm_source=commons.wikimedia.org&utm_campaign=imageinfo&utm_content=original,7393c38b5251edebf95ccc2092e21b980ad427ce,f60b103daac8475a270a11788b5672b19e97305ad22c75c29c1df57428bb967a,4adc015ec14a155ab4355e00c4942c62611aadea7c199fd5441a7204baa49161,Public domain,,John James Audubon,University of Pittsburgh,sources/333.png,1800,1247
343,downloaded public-domain source; crop unreviewed,File:343 Ruddy Duck.jpg,8793340,https://commons.wikimedia.org/wiki/File:343_Ruddy_Duck.jpg,https://thumb.wikimedia.org/wikipedia/commons/thumb/c/ca/343_Ruddy_Duck.jpg/1920px-343_Ruddy_Duck.jpg?utm_source=commons.wikimedia.org&utm_campaign=imageinfo&utm_content=thumbnail,https://upload.wikimedia.org/wikipedia/commons/c/ca/343_Ruddy_Duck.jpg?utm_source=commons.wikimedia.org&utm_campaign=imageinfo&utm_content=original,c0a9e3ed74ac0d2abc712477e03d2260640f210f,805318033e6cf9d95c32fc21bf09f521ff231d8037e74cbb3fe02fec034b2e7b,bb81dd487d463614ed559e3e020b314f85c1e40cddcd1c28b39be05e2ff36fe5,Public domain,,John James Audubon,University of Pittsburgh,sources/343.png,1800,1242
354,downloaded public-domain source; crop unreviewed,File:354 I. Louisiana Tanager - 2. Scarlet Tanager.jpg,8793789,https://commons.wikimedia.org/wiki/File:354_I._Louisiana_Tanager_-_2._Scarlet_Tanager.jpg,https://thumb.wikimedia.org/wikipedia/commons/thumb/b/b2/354_I._Louisiana_Tanager_-_2._Scarlet_Tanager.jpg/1920px-354_I._Louisiana_Tanager_-_2._Scarlet_Tanager.jpg?utm_source=commons.wikimedia.org&utm_campaign=imageinfo&utm_content=thumbnail,https://upload.wikimedia.org/wikipedia/commons/b/b2/354_I._Louisiana_Tanager_-_2._Scarlet_Tanager.jpg?utm_source=commons.wikimedia.org&utm_campaign=imageinfo&utm_content=original,8c9452b1cca85c308517964a261a317280c851c0,e4b92116ecd91367253d65595ea83fd6f5290a74b9491d571b7e140784a84655,3f609551bca944ec9dbf020651ab2ef864621e662e50b0fa2c0d4ec0f7da409a,Public domain,,John James Audubon,University of Pittsburgh,sources/354.png,1257,1800
356,downloaded public-domain source; crop unreviewed,File:356 Marsh Hawk.jpg,8793872,https://commons.wikimedia.org/wiki/File:356_Marsh_Hawk.jpg,https://thumb.wikimedia.org/wikipedia/commons/thumb/e/e4/356_Marsh_Hawk.jpg/1920px-356_Marsh_Hawk.jpg?utm_source=commons.wikimedia.org&utm_campaign=imageinfo&utm_content=thumbnail,https://upload.wikimedia.org/wikipedia/commons/e/e4/356_Marsh_Hawk.jpg?utm_source=commons.wikimedia.org&utm_campaign=imageinfo&utm_content=original,494a0476bc50c31de3ed4eeee17b96fd74b66e40,ebfb0449303ca93f959abd924cf6d4e35c08b9d443488b5474b0c9e19b8580c5,b448b170a3805a623b1db3a6f290e15bf220902cb6f163f385dcc71f1660f64a,Public domain,,John James Audubon,University of Pittsburgh,sources/356.png,1246,1800
368,downloaded public-domain source; crop unreviewed,File:368 Rock Grous.jpg,8800629,https://commons.wikimedia.org/wiki/File:368_Rock_Grous.jpg,https://thumb.wikimedia.org/wikipedia/commons/thumb/c/c1/368_Rock_Grous.jpg/1920px-368_Rock_Grous.jpg?utm_source=commons.wikimedia.org&utm_campaign=imageinfo&utm_content=thumbnail,https://upload.wikimedia.org/wikipedia/commons/c/c1/368_Rock_Grous.jpg?utm_source=commons.wikimedia.org&utm_campaign=imageinfo&utm_content=original,77d0b1bdd7a2fcad4cfca3bce6efd67d8aa358b7,87809bf22d3789dfd2677ccb1dfcd99159ff33af750516a061c67221c04e2680,e801e91e28de79c0cc4f6740138fd26fae5b76c4d1c19256b430806aca54500d,Public domain,,John James Audubon,University of Pittsburgh,sources/368.png,1800,1253
375,downloaded public-domain source; crop unreviewed,File:375 Lesser Red-Poll.jpg,8800781,https://commons.wikimedia.org/wiki/File:375_Lesser_Red-Poll.jpg,https://thumb.wikimedia.org/wikipedia/commons/thumb/8/89/375_Lesser_Red-Poll.jpg/1920px-375_Lesser_Red-Poll.jpg?utm_source=commons.wikimedia.org&utm_campaign=imageinfo&utm_content=thumbnail,https://upload.wikimedia.org/wikipedia/commons/8/89/375_Lesser_Red-Poll.jpg?utm_source=commons.wikimedia.org&utm_campaign=imageinfo&utm_content=original,a7afe4807e6d6d5fc8903c2e2006802598c18285,bfcb81fe51719592022dbfe2abca65d48e4aefc9bfbb972c8c7cbff7d80bd0d9,ceb7b54cc6f47e1f6e35b4c38b6d59de3f46e955e2a77d6492148eef4f029f32,Public domain,,John James Audubon,University of Pittsburgh,sources/375.png,1251,1800
390,downloaded public-domain source; crop unreviewed,File:390 I. Lark Finch - 2. Prairie Finch - 3. Brown Song Sparrow.jpg,8710234,https://commons.wikimedia.org/wiki/File:390_I._Lark_Finch_-_2._Prairie_Finch_-_3._Brown_Song_Sparrow.jpg,https://thumb.wikimedia.org/wikipedia/commons/thumb/a/ab/390_I._Lark_Finch_-_2._Prairie_Finch_-_3._Brown_Song_Sparrow.jpg/1920px-390_I._Lark_Finch_-_2._Prairie_Finch_-_3._Brown_Song_Sparrow.jpg?utm_source=commons.wikimedia.org&utm_campaign=imageinfo&utm_content=thumbnail,https://upload.wikimedia.org/wikipedia/commons/a/ab/390_I._Lark_Finch_-_2._Prairie_Finch_-_3._Brown_Song_Sparrow.jpg?utm_source=commons.wikimedia.org&utm_campaign=imageinfo&utm_content=original,e1b13a2723b9278f9e4ce847c4881c2c18dd2b09,4426c12d847a87cc7e476d116aed23a9a8ff9ebfb8382352e0844e13f0e01a60,8dc2d84045fa207859506a510af682100b6019fb86f7ac3f44dffac0ddc1678c,Public domain,,John James Audubon,University of Pittsburgh,sources/390.png,1258,1800
431,downloaded public-domain source; crop unreviewed,File:431 American Flamingo.jpg,8710829,https://commons.wikimedia.org/wiki/File:431_American_Flamingo.jpg,https://thumb.wikimedia.org/wikipedia/commons/thumb/2/29/431_American_Flamingo.jpg/1920px-431_American_Flamingo.jpg?utm_source=commons.wikimedia.org&utm_campaign=imageinfo&utm_content=thumbnail,https://upload.wikimedia.org/wikipedia/commons/2/29/431_American_Flamingo.jpg?utm_source=commons.wikimedia.org&utm_campaign=imageinfo&utm_content=original,4955cd0aa73432b8d9d12f867f0d8cfb27496b2b,b1fe1ef94001ad2ae242585fbd818bdb88d4c503869412c699e47ad0536717e1,8068f87166a9df0c0812a02049b194b279e1a3fc64e12af40641f07fe43a1709,Public domain,,John James Audubon,University of Pittsburgh,sources/431.png,1257,1800
